18.5237;47.0308
18.5244;47.0311
18.5248;47.0317
20.0086;47.803
21.2002;48.305
21.1874649;48.2827917
17.545488;47.695934
17.5504;47.6936
19.9974;47.1946
20.0154;47.1738
20.0074;47.1883
20.0044;47.1874
20.0048504;47.1877088
18.0142;47.7081
19.3857;47.7926
19.9742;47.6941
19.9743;47.6905
18.8654;47.1192
18.859;47.1221
20.5029;48.467
16.9409;47.6092
22.0589;48.1796
22.0489;48.1839
17.547715;47.116232
17.569104;47.10529
17.555986;47.11227
17.5693175;47.1053223
17.5689;47.1061
17.5692;47.0991
17.5497;47.1148
17.5524;47.1057
17.5596;47.1052
17.5321;47.0941
17.5667;47.1083
17.5669;47.1087
17.5511825;47.1082282
17.5314248;47.0944721
19.2053;46.6903
19.2044;46.6915
20.0397;47.4241
18.602;47.4265
20.2364;47.7824
20.2094;46.3293
20.2113;46.3371
21.981;47.4174
21.686577;48.340182
19.1669;47.3132
19.1706;47.3112
19.1546129;47.311845
18.7378;46.202
17.9753;46.9916
17.174;46.7606
19.2434;47.8753
22.1004;48.1772
17.9259;46.6504
20.4148;47.8396
20.4065;47.8586
18.66740470313203;47.6962733
17.2959;47.1114
21.9316;47.9613
19.6924;47.7969
19.691;47.7942
22.2592;48.2149
20.2572;48.1729
20.2572;48.1729
20.8593;48.1297
20.5506;46.6175
17.4983;47.8292
18.0033;47.5093
19.4883;47.6527
19.4755;47.6518
19.4816;47.6515
19.474652;47.6523718
19.8941;47.7157
18.0684;46.3766
17.9766357;47.6425454
17.0755;47.5764
19.4741;47.6377
19.482;47.6352
20.574624;47.449261
21.9894;47.4503
17.3629;47.5847
18.364996;47.650861
18.3598;47.6468
18.5968;47.6562
18.5619;47.7229
17.7316;47.2529
17.5987;47.2254
17.9694;47.2822
18.0971;47.4514
17.9671;47.4702
20.1098;46.5533
18.0934;45.9591
21.0279;48.3727
22.0772;47.9982
22.0794;47.9994
19.2833;48.0716
19.2974;48.0797
19.2968;48.0708
19.2992;48.0848
19.2952;48.0794
19.3103;48.0801
19.3011;48.0804
19.2915;48.0786
19.2961;48.0791
20.0132;46.4232
20.01484;46.4196065
18.008573;47.040042
18.0127;47.0325
18.0145;47.0288
18.0087;47.0401
18.0195645;47.0405743
17.319;46.7108
17.3818;46.8042
17.4798;46.7117
18.2075;47.0166
17.880057;46.956871
19.072176;47.47562
17.8952;46.9553
17.8794;46.9565
17.8762;46.9633
18.0242;47.0591
18.0442;47.0627
17.35;46.7577
18.1082898;47.0366556
18.1081;47.0369
17.3722;46.7038
17.83586;46.824964
17.3016;46.6914
17.8273;46.9656
21.3395;47.6106
21.3434;47.6037
21.3363;47.6039
21.3384;47.6089
21.3476;47.6079
21.3424;47.6225
21.3409;47.6137
21.5343;48.1724
17.9173;47.6487
20.5013;48.2273
20.3554;48.2971
18.866246;46.911054
21.2298;47.2922
21.235;47.2994
18.7794;46.1302
18.7262;46.1972
18.7248;46.1912
18.7237072;46.1871638
19.8284;47.9886
18.9543;46.4872
19.3772;47.91
16.6836;46.7587
21.1753;48.1526
21.1835;48.1578
21.128;46.7708
21.1223;46.7806
21.1271;46.7612
21.1269;46.7615
21.1427;46.7666
21.1309;46.7719
21.1322;46.771
21.1342;46.7739
21.132;46.7724
21.1337;46.7712
21.0904;46.6763
21.0929;46.6777
21.0944;46.6784
21.0912;46.677
21.0887;46.6759
21.0868;46.674
21.0882;46.6757
21.0962;46.6791
21.0943;46.6839
21.1056;46.6711
21.1067;46.6818
21.0826;46.6754
21.0821;46.6756
21.0662;46.6708
21.1224;46.6659
21.1158;46.6677
21.1181;46.6666
21.0973;46.6776
21.0699;46.6602
21.076;46.6622
20.6214;46.4157
20.6183;46.4254
19.5381;47.3573
19.4014;47.8732
22.5269;48.1984
20.841;47.3851
20.6681;48.2322
18.1061;47.1182
18.4073;46.0788
21.9778;48.092
18.9122;48.0409
22.0082;47.9629
20.4259;47.7081
20.4278;47.7003
20.257;47.2956
18.7947;47.1919
18.8327;47.4737
18.8103;47.4631
18.809;47.4646
18.8168;47.4676
18.8275;47.4715
18.8111;47.4664
18.0734;46.0205
18.6341;47.492
18.6341;47.4925
18.6309;47.4888
18.6343;47.4898
18.6443;47.4853
18.6448;47.4804
18.286;46.3321
17.1883;47.183
20.1884;47.6427
21.66;47.6419
21.6603;47.6436
17.4072;47.5644
20.0229;47.9429
20.5332;47.9023
20.5356;47.8969
18.326;46.0878
18.0438;45.9061
18.8265;46.3856
18.8254;46.3852
17.3884;46.4065
17.3941;46.4071
18.9587;46.7356
18.9691;46.7387
19.6874;47.6025
19.6943;47.6021
17.8388;46.1824
20.7881;48.2199
18.5233;45.9626
18.5124;45.9703
18.5197;46.2945
18.5335;46.2981
18.5308;46.3006
18.5319;46.298
18.5295;46.3002
18.5375;46.2994
18.5283;46.3012
19.9168;46.3208
19.9196;46.32
20.6543;47.6998
20.2454;48.1224
20.2027;48.188
19.1161;47.9765
17.8367;47.2935
17.248;47.6914
17.8503;46.2274
20.9935;47.2065
20.9995;47.2034
16.9309;46.7892
19.0467;47.6265
19.0464;47.6207
19.061;47.6125
19.0619;47.6142
18.9157;47.4993
18.9196;47.5077
18.9323;47.5129
18.935;47.5165
18.9361;47.5172
18.9339;47.5167
18.927664767978676;47.5090685
18.943597;47.460294
18.943654;47.460134
18.9372;47.4549
18.9697;47.4619
18.9583;47.4531
18.9604;47.4557
18.9629;47.4493
18.9531;47.4621
18.9481;47.4562
18.9503;47.4609
18.9536;47.4604
18.9614;47.4614
18.9416;47.4603
18.9798661;47.4629314
18.957234594321463;47.4612853
19.259249;47.489065
19.171572;47.530692
19.072082;47.475569
19.0316;47.478
19.127885;47.432683
18.994774;47.395889
19.18718;47.404848
19.001984;47.466768
19.001934;47.466769
18.990504;47.447256
19.111008;47.514723
18.998857;47.481248
19.098006;47.56671
19.018439;47.529662
19.18718;47.482553
19.10727;47.47218
19.023584;47.507893
18.9666043;47.5376128
19.0847796;47.4994315
19.04571100824176;47.54051705
19.0329;47.497
19.0402;47.4934
19.0313;47.507
19.0341;47.5069
19.033;47.4927
19.0337252;47.5012083
19.0258619;47.4990056
19.023584;47.507893
18.9666043;47.5376128
18.9492;47.5518
19.0378;47.5202
19.0379;47.5117
19.0248;47.5166
18.9874;47.5203
19.0254;47.5096
19.0235;47.5086
19.0381;47.5116
19.0152;47.5225
18.9624;47.5631
18.9616;47.5639
18.9639;47.5454
19.0346;47.5108
19.0342;47.5111
18.9785;47.5309
18.9738;47.5346
19.0272;47.5086
19.0253;47.5091
19.018439;47.529662
19.04571100824176;47.54051705
19.0322;47.5462
19.038;47.5287
19.0294;47.544
19.0155;47.5735
19.0253;47.5589
19.0166;47.5728
19.0376;47.5287
19.0378;47.5299
19.0619;47.5963
19.039;47.5283
19.0354;47.543
19.0569;47.5975
19.0401;47.5518
19.0592;47.5968
19.0484;47.5994
19.0605;47.5973
19.0435;47.5581
19.0427;47.5487
19.098006;47.56671
19.088;47.5604
19.0874;47.5607
19.089;47.5606
19.0917;47.5603
19.0932;47.5601
19.0943;47.5597
19.0945;47.5597
19.0875;47.5558
19.1136;47.5849
19.1209;47.5969
19.0931;47.5643
19.1097;47.5837
19.1032;47.5738
19.1019;47.573
19.1144;47.5809
19.079;47.5706
19.0916;47.5608
19.113;47.5867
19.0931;47.5606
19.072082;47.475569
19.18718;47.482553
19.10727;47.47218
19.0663;47.4828
19.0607;47.4868
19.0691;47.4843
19.0685;47.4828
19.0694;47.4834
19.0696;47.4839
19.0699;47.4847
19.0789;47.4766
19.0708;47.4754
19.0612;47.4887
19.0618;47.4888
19.084;47.47
19.0796;47.4656
19.0785;47.4756
19.0691;47.4817
19.0739;47.4786
19.0594;47.4868
19.0535;47.4895
19.0523;47.4974
19.055;47.4932
19.0532;47.4994
19.0517;47.499
19.0592;47.4906
19.0491;47.501
19.056;47.4941
19.0565437;47.4927281
19.0532842;47.4992663
19.0554128;47.5029844
19.0555;47.4981
19.0665;47.5089
19.0671;47.5093
19.0578;47.5037
19.0628;47.5029
19.0577;47.4997
19.0606;47.5006
19.0588;47.4995
19.0562;47.5064
19.0556;47.5071
19.0555;47.5009
19.0678;47.5126
19.0658;47.5114
19.0626;47.506
19.0576;47.5123
19.0553;47.5031
19.0614093;47.5055397
19.0692;47.4975
19.0784;47.5079
19.0681;47.5023
19.0603;47.4955
19.0684;47.4974
19.0696;47.4989
19.085;47.5033
19.0853;47.5037
19.0711;47.5048
19.0561;47.4974
19.0826;47.5024
19.083;47.5019
19.0829;47.502
19.0709;47.4975
19.0682;47.4966
19.0648;47.4957
19.0717;47.4977
19.0612;47.4948
19.0571;47.4982
19.0826;47.5012
19.0847796;47.4994315
19.0831;47.5008
19.0635;47.4893
19.0797;47.4894
19.0801;47.4893
19.0691;47.4961
19.0675;47.4931
19.0733;47.4924
19.0713;47.4896
19.07;47.4867
19.0705;47.4864
19.0713;47.4916
19.0708;47.4932
19.0707;47.492
19.0712;47.4909
19.0702;47.4886
19.0773;47.4987
19.0831;47.4993
19.1039;47.4872
19.085;47.4911
19.1295;47.4852
19.1282;47.4848
19.1164;47.474
19.1351;47.4798
19.1575;47.4657
19.1337;47.4787
19.1534;47.4794
19.1368;47.481
19.1291;47.4819
19.131;47.4817
19.137;47.4904
19.1307;47.4835
19.137;47.4904
19.1372;47.4899
19.1295;47.4838
19.1337;47.4894
19.1553;47.4792
19.1529;47.4808
19.1585;47.4825
19.1342;47.4897
19.0316;47.478
19.001984;47.466768
19.001934;47.466769
18.990504;47.447256
18.998857;47.481248
19.0387;47.4558
18.9353;47.3846
19.0509;47.4797
19.0508;47.4791
19.0531;47.4825
19.0395;47.4747
19.0529;47.4797
19.0536;47.4796
19.0388;47.476
19.0526;47.464
19.0537;47.4826
19.0245;47.4856
19.0139;47.4653
19.0167;47.4674
19.0323;47.4535
19.0238;47.4995
19.0125;47.491
19.0201;47.4966
19.0217;47.5054
19.0261;47.49
18.9721;47.4995
19.0038;47.4955
19.0161;47.492
19.0227;47.5068
19.0229;47.506
19.0003;47.5123
18.9898;47.5112
19.0237;47.5012
19.0214;47.4947
19.0234;47.4987
19.0216;47.498
19.0235;47.4983
19.0025;47.5028
19.0212;47.4919
18.9836;47.5176
19.0861;47.5398
19.0819;47.533
19.0582;47.516
19.0581;47.5256
19.0618;47.5348
19.0618;47.5348
19.0688;47.5284
19.0773;47.5444
19.0786;47.5567
19.0529;47.5131
19.0542;47.5144
19.0542;47.5149
19.0496;47.5133
19.0493;47.5134
19.0534;47.5202
19.0575;47.5195
19.0482;47.5141
19.056;47.5125
19.0829;47.5259
19.0689;47.5207
19.111008;47.514723
19.1285;47.5176
19.1266;47.5179
19.1124;47.52
19.1468;47.5123
19.1212;47.5262
19.0861;47.5066
19.1186;47.5141
19.1088;47.5083
19.1052;47.5262
19.1027;47.5238
19.1027;47.5233
19.0923;47.5166
19.1061;47.5272
19.1173;47.5029
19.1205;47.5048
19.1267;47.5073
19.1158;47.5295
19.0978;47.5119
19.1019;47.5085
19.130379;47.462928
19.1521;47.4463
19.1455;47.4505
19.1445;47.4572
19.1429;47.4592
19.1375;47.4534
19.142;47.4561
19.1274;47.4562
19.146;47.4603
19.1404;47.4426
19.1299;47.4498
19.1513;47.4604
19.142;47.4535
19.1569;47.4529
19.1427;47.459
19.1525;47.4549
19.1479;47.4556
19.1487;47.4554
19.1483;47.4467
19.1335;47.5519
19.1175;47.5503
19.1333;47.5354
19.1507;47.5412
19.1463;47.5394
19.1175;47.564
19.1175;47.5614
19.1175;47.5614
19.1164;47.562
19.139;47.5433
19.1211;47.5641
19.1375;47.5451
19.1383;47.5449
19.1119;47.5616
19.1196;47.5564
19.1199;47.5572
19.1272;47.5644
19.121;47.5606
19.1388;47.5515
19.1397;47.5506
19.171572;47.530692
19.2012;47.5316
19.1948;47.5123
19.1768;47.5116
19.1797;47.5197
19.1849;47.5168
19.1661;47.5277
19.1622;47.5259
19.1722;47.5309
19.1756;47.5322
19.1716;47.5307
19.2002;47.5133
19.2009;47.5129
19.1887;47.5163
19.1888;47.5166
19.1807;47.5276
19.2147;47.5219
19.1741;47.5314
19.1655;47.5202
19.1725;47.5237
19.259249;47.489065
19.283909;47.471607
19.2441;47.4678
19.2326;47.4794
19.2395;47.4973
19.2561;47.479
19.2589;47.4874
19.2388;47.4754
19.2391;47.4825
19.2771;47.4839
19.2334;47.4839
19.2384;47.4842
19.2382;47.4832
19.2416;47.4831
19.252;47.4801
19.2354;47.4841
19.2374;47.4844
19.2633;47.4775
19.2395;47.4841
19.2395;47.4841
19.18718;47.404848
19.1849;47.4418
19.1762;47.4436
19.1716;47.4383
19.1621;47.4405
19.1684;47.4386
19.186;47.4036
19.1745;47.4306
19.2028;47.4275
19.2113;47.4228
19.1673;47.4424
19.2113;47.422
19.1741;47.4362
19.1872;47.4044
19.1868;47.4045
19.1835;47.4366
19.1949;47.4517
19.1679;47.4479
19.175;47.4444
19.1856;47.44
19.127885;47.432683
19.0963;47.4409
19.1135;47.4545
19.1171;47.4401
19.1113;47.4407
19.1014;47.4374
19.1085;47.4411
19.1115;47.4431
19.1231;47.4437
19.1214;47.4405
19.1011;47.4397
19.1016;47.4393
19.1068;47.4407
19.1121;47.4426
19.093;47.4349
19.1239;47.4234
19.1092;47.4366
19.1111;47.4242
19.1194;47.421
19.1087;47.4308
19.0752;47.4341
19.07;47.4227
19.0589;47.4147
19.0521;47.403
19.0658;47.422
19.0649;47.4203
19.096;47.4087
19.0689;47.4269
19.0673;47.4268
19.0689;47.4269
19.0718;47.4307
19.0672;47.4207
19.0698;47.4259
19.0669;47.4196
19.0659;47.4188
19.0701;47.4293
19.0635;47.4215
19.0577;47.4132
19.087;47.4223
19.0845;47.4361
18.994774;47.395889
19.0224;47.441
19.0204;47.4297
19.0278;47.4262
19.001;47.4043
19.0385;47.4297
19.0152;47.4253
19.0141;47.4204
19.0396;47.4277
19.0175;47.4133
19.0377;47.429
19.0385;47.4265
19.0368;47.4328
19.0211;47.4105
19.0158;47.4081
18.9936;47.3954
18.9829;47.3917
19.0234;47.4107
19.0064;47.4048
19.0363;47.4223
19.1563;47.4209
19.1119;47.4108
19.1152;47.3983
19.1134;47.4018
19.1134;47.3901
19.1596;47.3906
19.6819;46.6868
19.6796;46.6872
21.654;48.1066
21.6471;48.0991
19.5428;47.8832
19.5417;47.8803
20.6801;47.891
17.9914;46.1051
20.1748;47.9882
18.631055;46.770868
17.1515;47.2571
17.1522;47.2606
17.1523;47.2523
17.1474;47.2337
17.0285;47.4788
20.6513059;46.8260518
17.2872;47.0125
18.1844;47.0474
20.703247;46.325271
20.8839;46.543
20.8853;46.5412
20.7228;46.2439
20.7287;46.2386
19.8282;47.6478
19.8289;47.6487
17.9117;45.8799
19.1759;46.4209
19.1764;46.4216
16.955;47.0468
18.086017;47.681044
19.2684;46.7156
19.2632;46.7139
16.8706;47.2351
18.0608;47.5781
20.5326;47.9469
19.4236;47.9807
17.229;46.8068
17.2569;46.7878
16.5141;46.7161
19.4237;47.2944
16.9414;47.0748
18.968284;47.644224
18.9682;47.6446
18.9632;47.6444
18.7168;47.6911
19.8314;46.4229
19.2244;47.5401
19.2248;47.5525
17.9216;46.9818
18.2576;47.2054
17.2445;47.6074
17.2393;47.6102
17.248;47.6114
17.2508841;47.6111656
17.2486982;47.6114964
16.3614;46.9518
20.8338;46.6348
20.8241;46.632
20.8342096;46.6338597
18.4179;47.0372
17.1678;47.0307
18.2305;47.5174
18.1907;46.4943
19.5485;47.523
19.545;47.5196
19.5452;47.5188
21.6023;47.5233
21.627281;47.531255
21.628095;47.522644
21.6396;47.5382
21.6217;47.5361
21.6107;47.5524
21.6089;47.5429
21.6378;47.5314
21.6377;47.5372
21.6372;47.537
21.6347;47.5354
21.6316;47.5337
21.6361;47.5362
21.6175;47.536
21.6241;47.5345
21.5988;47.5262
21.6194;47.5415
21.6148;47.5413
21.6194;47.5415
21.625;47.5113
21.579;47.5955
18.7564;46.2871
20.4804;48.1861
19.1707;48.0383
21.9242;48.1191
21.9186;48.113
21.9185;48.1131
21.5667;47.3491
21.5674;47.3503
21.5705;47.3527
21.5721;47.3454
21.567742;47.3486243
20.3571;46.5825
17.4412;47.097
17.4324;47.0987
17.4357585;47.1036778
18.9511;47.4083
18.9578;47.4106
18.9419612;47.4034585
18.9508;47.4075
19.0418;47.9434
19.0441;47.9429
17.3784;47.1665
21.2443;46.7359
21.2513;46.735
21.2406965;46.7298669
18.2552;46.4203
19.9917;46.2431
20.0029;46.2449
18.1414;46.3731
18.1453;46.3924
18.1325;46.3787
18.1025;46.3759
18.128740680081695;46.37799755
18.9124;47.7636
20.1147;47.826
19.0045;47.0885
19.0072;47.093
19.009;47.0955
18.7351;47.7155
18.7303;47.7192
18.735;47.7261
18.7352;47.7181
18.7288765;47.7203747
18.7305896;47.7333835
19.9002;47.988
19.0476;48.052
20.4952;48.2832
18.3379;47.7334
19.0352;47.7944
19.086186;47.358934
19.0898;47.3492
19.0848;47.3552
19.091;47.354
19.0809;47.3506
19.0868;47.3599
19.0865;47.3593
19.1063;47.3498
19.1191;47.3451
19.0927;47.3468
19.1253;47.6427
19.131;47.6436
19.1269;47.6416
19.1298;47.6314
19.1284;47.6441
19.1308;47.6548
19.1294;47.6375
19.1294;47.6385
19.1301;47.6482
19.139;47.6299
19.1383;47.6449
19.1412;47.6397
19.1139;47.6117
19.1573;47.6337
19.1432;47.6407
19.1541;47.6325
19.1527;47.6264
19.001464;46.641219
19.0018;46.6408
18.7581;46.0855
18.8198;46.5268
18.8126;46.5287
18.9171;46.9612
18.931;46.9671
18.9348;46.9663
18.9348;46.9624
18.9385;46.9647
18.9385;46.9647
18.9199;46.9636
18.9379;46.965
18.9383;46.9639
18.9416;46.964
18.9177;46.9667
18.9306;46.9632
18.933;46.9723
18.9169;46.9673
18.9358;46.9597
18.9329;46.9629
18.9331;46.9636
18.9342;46.9707
18.9369;46.9689
18.9416;46.9627
19.0309;47.2917
19.0664;47.2751
19.066;47.2759
19.0657;47.2811
21.4887;47.475
21.4921;47.4671
21.4912;47.4692
17.718649;47.55778
19.7656;47.7307
19.7733;47.7276
20.9267;47.15
19.3196;47.4439
19.3090943;47.4462857
20.7465;48.3068
20.7366;48.295
20.7366;48.295
20.7366;48.2952
20.7439064;48.2961999
20.387481;47.895339
20.383702;47.87088
20.3816;47.9017
20.3726;47.921
20.3755;47.8957
20.3784;47.9033
20.3811;47.9022
20.3697;47.9133
20.3677;47.9142
20.3705;47.9012
20.3946;47.8922
20.3749;47.9058
20.3694;47.8949
20.3817;47.8791
20.3801;47.8896
20.3819;47.8807
20.3794;47.8906
20.3691;47.9218
20.37;47.9113
20.3695;47.9169
18.304;45.9799
17.24;47.239
20.325362;47.871977
20.3254;47.872
16.8532;46.9356
17.3378;47.5211
16.7629;47.4696
17.121;47.1704
16.6046;47.0809
21.2523;46.5289
21.2505;46.5241
21.2427;46.532
21.1203;48.3313
21.1128;48.3339
17.423422503391336;47.647347999999994
18.2294;46.9422
18.8823;47.25
18.9029;47.2486
18.9007;47.2498
18.939515;47.378777
18.884195;47.406329
18.9003;47.4109
18.8912;47.4072
18.8915;47.407
18.893;47.4058
18.9095;47.3964
18.9362;47.3927
18.8833;47.4128
18.9255;47.3785
18.9208;47.378
18.9234;47.3783
18.9241;47.3922
18.9223;47.3804
18.9226;47.3793
18.9226;47.3795
18.9369;47.3881
18.8921;47.3715
18.8936;47.3719
18.8802;47.4163
19.5406;47.7624
19.1984;47.9971
21.7752;47.2841
17.109;46.7007
18.739;47.7965
18.7436;47.7797
18.7253;47.7364
18.7521;47.78
18.7447;47.7853
18.7458;47.7926
18.74;47.783
18.7418;47.7927
18.7409;47.7873
18.7423;47.8009
18.7523;47.4458
18.7397;46.446
18.8245;46.4648
18.8266;46.4649
17.2;47.6056
17.630354;47.203781
19.8474;47.3618
19.8466;47.3618
20.5246;47.2615
20.5232;47.2592
20.5277;47.2482
22.5154;47.9894
18.2759;47.2854
20.14066;46.258846
18.584;47.4651
20.2329;47.8133
21.0747;48.2535
20.6005;48.3281
17.9611;47.0121
19.2309;47.342
19.2358;47.3429
16.9903;46.6711
20.4133;47.9715
20.4153;47.9726
20.9155;48.3702
20.859;48.1121
20.35828;46.215284
16.8625;47.6192
16.8823;47.6194
16.8704;47.5932
16.8741;47.5905
18.9139;46.5263
20.4911;46.3203
20.4944894;46.3205362
21.3607;47.2875
21.0896;48.3251
21.0854;48.3201
19.1965;47.6142
19.1654;47.5812
19.1968;47.606
19.1931;47.6094
19.1944;47.6178
19.1818;47.6273
19.1825;47.6265
19.1857;47.6246
19.1974;47.607
21.1044;48.4336
22.0565;47.6013
19.7222;46.7419
18.884195;47.406329
20.4173;47.7503
20.4102;47.7475
20.4178;47.7492
20.417653513015374;47.75101695
20.6005;46.671
20.598;46.6661
17.123227;46.518544
17.1237;46.5198
19.3886;47.8484
19.5594;47.621
17.7626;46.6229
17.1224;46.5873
21.1742;48.4169
18.633;47.2074
18.6071;47.1877
21.5642;48.169
22.4593;47.9352
21.9482;48.1493
22.4461;48.1988
16.7865;46.7655
16.990275;46.605388
16.9885;46.6027
17.0198;47.2112
20.855987;46.6001974
18.9038;46.4941
16.7445;46.9681
21.1623196;48.3156513
19.3475;47.5988
19.3461;47.5999
19.3605;47.591
19.3491;47.5999
19.3534;47.6097
19.3463;47.6001
19.3442;47.5987
19.3435;47.5979
19.3502;47.6
19.328;47.5908
19.3443;47.5883
19.348;47.5979
19.3514;47.6134
19.3473;47.6056
17.1857;47.0209
21.1931;48.2359
19.5277;47.3616
19.528;47.3629
18.1361;45.9695
19.2144;47.3871
19.2131;47.3819
19.2211;47.3771
19.2097;47.3862
19.2074;47.3884
19.2137;47.3929
19.2179;47.3902
19.2189;47.3892
19.2188;47.3896
19.231;47.3814
17.2852;46.7726
17.2892;46.7694
17.3281;47.0445
19.3989;47.4118
19.4099;47.4227
19.4095;47.4192
19.3933;47.4199
19.4022;47.4301
19.3938;47.429
19.9269;47.7824
19.932;47.774
19.9395;47.7727
19.9304;47.7835
19.9346;47.7828
19.9295;47.7849
19.9251;47.7826
19.9326;47.7856
19.9274;47.7828
19.9224;47.7779
19.9223;47.775
19.9255;47.7858
19.911;47.7689
19.9127;47.744
19.9248;47.7394
19.7853;47.8171
19.9353;47.8189
19.9302;47.8185
19.8634;47.8123
19.8672;47.8105
17.6335;47.6841
17.6337;47.6868
17.6326;47.6865
17.6371;47.6858
17.6329;47.6877
17.6338;47.686
17.6347;47.6848
17.6388;47.6811
17.6446;47.6889
17.6337;47.666
17.7414;47.6937
17.6578;47.676
17.6527;47.6757
17.6086;47.6309
17.6298;47.6979
17.6109;47.6337
17.645;47.6773
17.6452;47.6773
17.6375;47.6813
17.6392;47.6655
21.6335;48.205
18.6941;46.636
17.0209;47.4913
17.7519;47.5779
22.4433;47.9263
17.6391;47.6163
17.6358;47.6277
17.6554;47.6051
17.5768;47.7413
17.5812;47.7434
21.2722;46.6448
21.2785;46.6598
21.2696;46.6436
21.2784;46.6451
21.2758;46.6451
21.2652;46.6397
21.2692455;46.6418064
21.2872306;46.647464
22.1151;48.1334
18.295824;46.499088
16.7035;46.9074
16.9229;46.648
21.6648;47.3923
21.606;47.6326
21.7648;47.6087
21.754;47.6012
21.7516;47.5993
21.7582;47.6007
21.7592;47.6008
21.7609;47.5999
21.38585;47.441064
21.3981;47.4477
21.4036;47.4491
21.3905;47.4444
21.3924;47.4471
21.3931;47.4443
21.4029;47.4513
21.3948;47.4466
21.4097;47.4444
21.3923449;47.4467148
21.3967706;47.4373866
21.4748;47.391
21.476;47.3911
19.1152;46.3993
18.9905;47.3646
18.9871;47.3601
18.9804;47.3611
18.9828;47.3631
18.992;47.3657
20.9923;48.2459
20.0476;47.7658
20.8298;48.2903
20.2;48.2253
18.7012;46.9966
18.6193036;46.4036574
19.6072;46.4612
19.0317;46.699
19.6849;47.6743
19.686;47.6666
19.6942;47.6664
19.6857;47.6666
19.6878;47.6688
19.6773;47.6662
19.6847;47.6658
17.4593;47.8334
16.798;47.6218
18.7457;47.4953
19.4776;47.979
21.1687;48.4413
20.3833;48.2906
17.1915;46.7902
17.1891;46.7906
17.1871;46.7906
19.5195;47.6278
19.5162;47.6299
18.5725;46.0822
17.0129;47.5206
17.7772;46.0245
22.2022;47.9181
22.2039;47.9155
20.3257;46.4149
20.3251;46.4149
20.3189;46.4148
20.3242;46.4149
20.3285;46.4155
20.303;46.4276
20.3208;46.4172
20.3178;46.4153
20.3163;46.4167
20.311;46.4224
20.316;46.4129
20.3303;46.4169
20.3376;46.4136
20.3542;46.4128
20.3096;46.41
20.3234;46.4133
20.3288;46.4122
20.3429;46.4088
20.3187;46.427
20.3185;46.4292
18.427761;46.491172
18.4139;46.5014
18.4195;46.4955
19.0714;46.489
18.7891;45.9831
19.7752;47.6868
21.1683;47.5814
20.14066;46.157911
18.3536;46.1603
18.355;46.1504
21.7344;47.3917
21.7337;47.3921
17.0231;47.0951
21.7127;48.1267
21.7104;48.121
21.7085;48.1207
21.7187;48.1356
17.9372;46.5361
16.8968;47.2092
19.4442;47.6589
19.3017;46.4874
21.0701;48.2823
19.328153;47.255774
19.4024;47.5266
19.3903;47.5369
19.3903;47.5442
19.3971;47.5295
19.397;47.5298
18.8264;47.1617
18.8348;47.142
18.4124;46.3158
20.6544;48.3052
16.5814;47.139817
17.1641;47.1214
17.1639;47.1227
20.0597;47.3801
17.1339;47.7846
17.1355;47.785
22.2518;47.9709
19.8582;47.5922
20.0917;47.3701
20.0924;47.3724
19.9784;47.6448
19.9774;47.6432
19.9105;47.4988
19.9149;47.5085
19.9131;47.5018
19.911;47.5008
19.8986;47.4921
19.911;47.5008
19.9179;47.5045
19.9104;47.502
19.922;47.5014
19.9099766;47.5073763
19.915831783195504;47.4998529
19.9962;47.3695
19.7846;47.5096
19.7165;47.5688
19.7172;47.5698
19.722;47.5745
19.9863;47.5206
20.158;47.3708
20.1684;47.3648
19.7596;46.5676
19.7583;46.5683
19.6787;47.8318
21.277359;47.356378
21.2694;47.3611
21.2717;47.3587
17.6375;47.4896
18.7207;47.3262
20.2614;47.7299
20.2602;47.7328
17.045;47.1604
21.9385;47.8589
21.9233;47.8593
21.5766162;47.8815173
18.98;46.521
18.9763;46.525
18.9852;46.5365
18.982;46.524
18.9805;46.5249
18.4871;46.9573
16.8758;47.1059
20.9785;46.7611
22.1486;47.9328
22.1481;47.935
18.6679;47.2377
18.1298;46.3265
17.7824;46.3718
17.7881;46.3661
17.7882;46.3669
17.7794;46.4083
17.7815;46.3672
17.7919;46.3737
17.3422;47.064
17.0396;47.5909
17.0247;47.5934
17.0279;47.5906
17.0222;47.5924
20.0278;47.7276
17.84;46.6919
20.9269;47.3067
20.9259;47.3202
20.9222;47.3191
20.9272;47.3194
20.9218;47.3181
20.9049;47.3052
20.9248;47.3164
20.9234;47.3125
20.9296;47.3197
20.6991;46.4965
20.6167;48.2594
20.6307;48.256
20.6268;48.2549
20.6215;48.2518
20.6181;48.2477
20.6199;48.2501
20.6241;48.2534
20.6165;48.2466
20.6185;48.2482
20.6254;48.2492
20.6232;48.2479
20.6352;48.2555
20.6027;48.2378
19.2452;46.5262
19.2516;46.5227
19.254;46.5243
19.2526;46.5282
18.3094;47.5234
17.1055;46.836
21.8786;48.1187
20.4289;48.3559
21.7994;48.0699
21.7974;48.0663
17.208046;47.331499
20.6697;47.2488
20.6619;47.2454
20.6202;47.3026
20.3358;47.0852
20.3473;47.797
20.3435;47.7958
19.2693;47.5732
19.2824;47.5613
19.2908;47.565
19.2716;47.5528
19.2756;47.5556
17.247313;46.773398
17.2369;46.7663
17.2387;46.7584
17.2623;46.7779
17.2425;46.7665
17.2419;46.7569
17.2422;46.7682
17.2457;46.7692
17.2529;46.7699
17.2477;46.7701
18.7968;47.7118
18.1907;46.0158
19.2858;47.9362
21.1899;46.5449
21.174;46.535
17.3939;46.6442
17.3926;46.6509
20.482;47.077
20.8896;46.7211
17.3717;47.8274
17.3682;47.8203
18.27324;47.265695
18.27324;47.265695
18.2746;47.2649
17.9692;45.9975
22.5115;48.0637
17.8651;46.605
18.0255;47.5024
18.0344;47.5014
19.2799;46.62
19.2801;46.6214
19.29;46.6203
19.2867;46.6181
19.2901;46.6158
19.285;46.6208
19.2836;46.6245
19.2862871;46.6161239
19.8439;46.7105
19.8414;46.7158
19.8489;46.7169
19.8497;46.7146
19.8471;46.7219
19.8448;46.7106
19.8524;46.7112
19.8426;46.7099
19.863;46.7043
19.8522753;46.7033925
19.4797;46.4312
19.4654;46.4284
19.4609;46.4241
19.4795;46.4395
19.4837;46.4315
19.4862;46.4241
19.4784;46.4302
19.4829;46.4382
19.0067;47.19
19.0046;47.1875
19.0017;47.1827
19.0059;47.1891
19.0078;47.1905
19.737331;46.495588
19.7371;46.4939
19.7375;46.4955
19.7392;46.4902
19.742;46.4865
19.7285;46.4869
19.7314;46.4937
18.3908;46.9548
18.3852;46.9606
19.008716;47.826456
19.009;47.8265
19.2581;47.5394
19.2583;47.5455
19.26;47.5503
19.2636;47.5477
19.2645;47.5483
19.9801;46.4701
19.9763;46.4739
19.9809;46.4688
19.9762;46.4677
20.7509;47.2122
20.754;47.2161
20.7497;47.2175
20.7569;47.2171
20.7447;47.2188
20.7576;47.2173
22.0824;48.2138
22.0787;48.2089
22.0799;48.2154
22.0878;48.2083
18.2134;47.605
18.2151;47.6061
22.3856;47.9387
22.3803;47.939
19.5763;47.4831
19.5813034;47.4890677
21.9327;47.4057
18.7089;45.9493
18.1195;47.7443
18.1196;47.7455
18.1105;47.7462
18.0619;47.7496
18.1202;47.7455
18.014109;47.7030537
18.4035966;47.5793594
18.268;46.1887
18.2606;46.192
18.2303;46.1894
18.2329;46.1892
18.2599;46.1917
18.2583;46.1922
18.2567;46.1858
18.2599;46.1902
18.2634;46.1909
18.2735;46.1983
18.2564;46.1937
18.2562658;46.1930683
19.8689;46.4642
20.2406;47.7411
20.2529;47.7444
20.7999;46.7588
20.8021;46.7583
20.7934;46.7594
17.3611;47.6305
17.3589;47.6284
21.6729;47.3195
21.6731;47.3203
16.5972;47.0111
16.5877;47.0096
16.6041;47.0089
18.3334;47.5486
18.332;47.5478
17.5292883;47.5974758
20.0225;47.0981
19.1776;47.8018
18.9361;47.8743
21.708;48.0478
21.7132;48.0459
21.6944;48.0526
20.4414;47.3312
18.117;46.0787
18.2932;46.0288
18.2852;46.0443
18.2838;46.0509
18.292;46.0293
18.9146;47.0574
18.9098;47.055
20.5534;47.1255
20.6338;47.3751
20.6319;47.3723
20.6325;47.3703
20.7952;47.4253
20.7912;47.428
20.6207;48.3134
16.6788;46.782
18.496235;47.74783
18.4852;47.7504
18.4954;47.7471
20.8637;48.3498
18.6247;46.0052
19.0889;47.7205
19.0892;47.7255
18.7706;47.6884
17.3904;47.7362
19.3107;47.8791
17.637424;46.666088
17.6432;46.6669
16.531337;46.621528
16.5475;46.6241
16.5313;46.6215
16.5436;46.624
18.2423;46.9948
18.243;46.9952
17.3618;46.8694
17.3455;46.8453
21.8916;47.3825
21.892;47.3828
21.8682;47.3873
16.731885;46.430079
18.7756;47.8878
21.9883;47.9655
18.57;45.8674
18.0096;47.0977
17.865;47.2063
19.6802919;47.7376893
17.9724;46.9938
18.5533;47.3099
16.5562;46.5555
18.9539;46.689
19.35167;47.443731
19.3584;47.4398
19.3348;47.4591
19.3494;47.443
19.372;47.4411
21.9754;47.9376
18.3227;47.2906
18.1523;46.1877
17.192;47.5111
17.965;45.9418
19.3726;47.9825
17.5483;47.1695
18.1947;46.1965
18.9978;47.2633
18.5983;45.9153
20.4142;47.8087
20.4803;46.2337
20.491;46.2308
18.244;46.1616
18.6541;47.5371
18.6563;47.5295
17.415;46.5795
17.4102;46.5865
17.4127;46.5814
17.4128;46.5798
20.0539;47.8272
17.8126;47.1208
17.3094;47.683
22.5031;48.1481
20.3443;46.2674
20.3452;46.2744
20.2338;46.4721
20.29012106173607;47.01691745
18.7945;47.3107
18.7936;47.3197
20.7639;48.4695
22.3252;47.9504
22.322;47.9543
22.305;47.956
22.3232;47.9536
22.3229;47.9536
20.079273;47.9507811
19.877;47.9092
19.7806;47.97
18.4643;46.2247
20.9562;46.5187
21.1024735;46.5062733
21.0939;46.5039
18.644;46.4696
21.0587;48.1879
21.0576;48.1871
21.4392;46.7671
18.3326;46.3895
19.4683;47.4394
19.4541;47.429
19.447;47.4285
21.1485;48.361
17.819;46.5065
21.0197;46.8259
21.0268;46.8303
21.0279;46.8329
21.0281;46.8241
21.0281;46.8239
21.0199478;46.8150946
17.6454;46.4335
20.6817;47.8182
20.6893;47.8312
20.574624;47.810347
20.5787;47.8083
20.5593;47.8067
20.5721;47.8093
20.5781;47.8128
20.5682;47.8082
20.5219;47.7965
20.5678;47.8033
20.5741;47.8106
20.5724;47.8111
20.7312;47.8063
20.6787;47.8636
17.889481;47.568306
17.8856;47.5689
20.5159;47.7455
20.4787;47.7203
17.1318;46.4514
17.0943;47.5188
21.6343;47.4536
21.6423;47.4389
20.1911;46.5248
20.186;46.5253
20.1791;46.5259
19.0260741;46.4422484
20.782279;48.104327
20.772832;48.103602
20.7797245;48.0782305
20.7853;48.1248
20.7899;48.1146
20.787;48.1208
18.1848;47.6697
18.1828;47.6714
19.2379;47.598
19.2344;47.5956
19.2434;47.6016
19.2708;47.5956
18.6914;45.9932
18.6694;45.9911
18.6801;45.9981
18.6787;45.9918
18.6866;45.9894
18.6924;45.9918
18.6824;45.9986
19.3413;47.9942
21.1513;48.2104
19.4378;47.3498
19.4297;47.344
19.4454;47.3523
19.4628;47.3545
19.4462;47.3504
19.4377;47.3458
19.5014;47.3083
19.5019;47.31
21.7679;47.4025
21.7723;47.3972
17.4247;47.7326
17.8406;46.1113
20.6667;48.2784
20.6606;48.2834
21.0401;46.7606
18.2397;47.138
21.1697;47.4291
21.1659;47.4291
21.1522;47.4262
21.1599;47.43
21.1587;47.4264
17.6884;47.7657
17.5137;46.3899
17.5113;46.3922
20.5304;48.2499
21.5537;47.9628
22.2997;48.0628
18.6558;46.6209
22.3885;47.8629
22.3901;47.8663
17.9043;47.2826
20.1113;47.6854
21.7649;48.1195
21.7524;48.134
21.7583;48.1342
21.3551;47.5389
21.3462;47.5393
18.076;47.6334
18.0754;47.6357
21.8481;47.8765
21.861;47.8783
21.8434;47.8723
21.8417;47.876
21.8441;47.8799
17.013058;46.464188
16.991229;46.81694
19.741;47.4198
19.7384;47.4149
19.7492;47.4158
19.7584;47.3984
19.7417;47.4121
19.7423;47.4174
19.742;47.4181
18.2012;46.594
18.8848;47.5761
18.8828;47.5759
18.9214;47.5585
18.88761365;47.575676650000005
18.3151;46.0693
16.771;46.7808
19.5761;48.0322
18.6479;46.9742
20.4911;46.5824
20.4906;46.5821
18.9588;47.7888
18.9594;47.7906
18.5777;45.9439
19.090177;48.003638
19.0905;48.0038
17.1184;46.6186
19.8448;47.7677
18.6027;47.6841
17.0612;47.2611
20.6677;46.6746
20.6723;46.6729
20.6815927;46.6705213
20.4076;47.8168
19.283;47.5329
19.2897;47.5248
22.2776;48.1586
17.696;46.9824
18.7887;46.9892
18.0513;46.4767
21.8665;47.943
21.87;47.9463
18.2623;47.6988
16.9486;46.8705
17.3019;47.2709
17.8746;47.0585
17.8778;47.0518
18.3413;47.7332
19.0491;47.908
19.3869;48.0253
19.3577;47.8418
19.1412;47.8821
16.6814;46.6867
21.1677;48.3947
17.3643;47.2855
19.4771;47.2758
18.549388;47.761562
18.566;47.7588
18.5534;47.7612
18.567;47.758
22.0205;47.5257
22.0152;47.5449
21.9718;47.6024
21.9716366;47.6016718
17.4542;47.0052
22.3351;47.9041
22.3319;47.9084
22.1769;47.8651
21.71971;47.949207
21.710701;47.966738
21.70476;47.948357
21.705112;47.950805
21.753876;47.928352
21.7298;47.9485
21.7266;47.9634
21.7098;47.9608
21.7084;47.9581
21.7089;47.9582
21.7107;47.9442
21.7124;47.9466
21.7183;47.9361
21.7135;47.9647
21.6977;47.9503
21.71;47.9656
21.7383;47.9603
21.7381;47.957
21.715;47.966
21.7483;48.003
22.0886;47.8841
22.0992;48.0985
22.2536;47.8677
22.1888;48.0673
22.1938;48.0694
22.1896;48.0674
21.899448;47.581751
22.2671;48.025
21.7967;47.983
22.0279;48.1194
21.6254;48.0132
21.6395;48.0164
21.6219;48.0117
21.639;48.0066
17.6882;47.5898
17.6929;47.5874
17.6805;47.5839
18.5716;47.4907
19.2195;47.3018
19.2333;47.3002
19.2278;47.298
19.2279;47.2928
18.7583;46.3142
22.0359;47.9301
22.5033;47.9189
18.4123;46.0136
17.9072;47.2421
22.3264;48.0855
20.9107;48.118
20.911;48.1186
20.9141;48.1173
22.3263;47.9945
22.3241;47.9968
20.0669;46.4955
22.1918;47.9742
17.6211;46.6012
18.1467;46.1486
19.477;46.7515
19.4748;46.7518
19.3972;48.0764
16.5361;46.8882
16.4201;46.8396
20.6513;48.3305
20.6779;46.567
20.6737;46.5513
20.6723;46.5569
20.6656;46.5606
20.664;46.5596
20.6647;46.5631
20.6606;46.5569
20.6592;46.5573
20.6053;46.5678
20.6725;46.5684
20.6671;46.5578
20.6591;46.5675
20.6703;46.5569
20.66139;46.5567255
18.3148;47.4816
18.3138;47.4865
18.3109;47.4851
18.316;47.4888
18.3136;47.4861
18.3172;47.4899
18.3169;47.4893
18.3125;47.4807
18.3002;47.4868
18.1854;47.1496
20.4277;47.8687
16.8755;47.0435
17.4974;47.7224
17.4898;47.7259
20.270838;48.2146795
20.2653;48.2215
20.2653;48.2215
20.2956;48.2113
20.3025;48.224
20.256;48.2276
20.2978;48.2254
20.2882;48.2195
20.2851;48.2191
20.258199808075425;48.22555215
20.2958;48.2116
20.31495640339629;48.2286512
17.0109;46.7224
19.388402;46.713138
19.3884;46.7131
18.5423;47.2171
18.5356;47.2153
18.8401;46.6183
18.844;46.615
18.8611;46.6248
18.8648;46.6263
18.8422;46.6171
18.8461;46.617
18.8583;46.6248
18.8634;46.6259
19.9453;46.6261
18.642;46.1247
19.6379472;47.353261
16.4983;46.8378
17.747;47.552
22.1421;48.2173
18.0803;47.0811
22.2503;47.9813
20.0323;47.9235
20.64;48.1669
21.6668;48.15
19.7085;47.9283
19.6975;47.9168
19.6969843;47.9192802
19.1467;48.0222
21.9909;48.1729
21.9915;48.1677
19.555793;47.515728
18.8264;47.5139
18.8323011;47.5164288
18.6535;47.2878
18.6519;47.2901
19.3426;47.4919
19.3276;47.4973
19.3399;47.4888
19.3359;47.4901
19.3363;47.4901
19.3271;47.4906
19.3432177;47.4768317
19.3363516;47.4901567
16.8263;47.2058
18.2269;46.042
18.2204;46.078
18.2198;46.0453
18.2782;46.0852
18.1972;46.0638
18.2194;46.0456
18.2247;46.0753
18.2463;46.0842
18.1974;46.0666
18.2572;46.0936
18.2194;46.0751
18.2089;46.0758
18.2232;46.0673
18.2278;46.0752
18.268;46.0928
18.2682;46.0924
18.2623;46.1112
18.2633;46.1075
18.2146;46.0415
18.2391;46.077
18.3258;46.133
18.4214;46.1586
18.4231;46.1581
19.2515;47.8022
17.786739;47.613566
18.7589;47.5906
18.759;47.591
21.1164;48.2846
16.7432;47.6006
18.7898;47.0509
20.6859;48.4729
19.4098;47.3882
19.4093;47.39
18.124;47.1659
18.1258;47.1565
18.119;47.1586
22.0806;48.0588
19.7033;47.766
19.7015218;47.7655497
19.8623;46.6229
19.5454;47.2904
19.5388;47.2745
19.5555;47.296
19.543;47.283
19.5433771;47.2710429
18.9911;47.6079
18.9911;47.6078
18.8297;47.632
18.8413;47.6312
18.8298;47.6375
18.8052;47.6727
18.8168;47.673
18.7906;47.6552
18.8735;47.7854
18.8743;47.785
18.8835;47.6672
18.8934;47.608
18.8801;47.6144
18.8978;47.6091
18.9873;47.7236
18.905;47.6182
18.9148;47.6172
18.9108;47.6215
18.9122;47.6197
18.9047;47.612
18.8964;47.6299
18.9165;47.6165
19.4347;46.5151
20.7364;46.3207
21.81;47.2841
21.8221;47.288
16.9672;46.9242
18.3038;47.0532
18.3055;47.0512
18.3061;47.0611
18.2957;47.0601
16.924;46.7547
19.0217;47.653
19.0012;47.6512
19.0281;47.6429
19.031;47.6349
19.0071105;47.6508368
20.6538;47.6441
20.6468668;47.6409727
16.5778;46.7285
21.1033;47.3158
21.1233;47.3152
21.1146;47.3162
21.1158;47.3181
21.1288;47.3264
16.7956;47.0907
22.2216;48.0563
20.8045;46.5267
17.5727;46.5309
19.7928;47.556
21.009;46.5392
18.7623;47.1364
18.7602;47.1388
18.7595;47.1375
19.988;46.5487
20.4372;48.294
20.4388;48.2937
17.4251;47.5855
16.4223;46.9417
16.7429;47.0734
17.481029200000002;47.624365299999994
17.3263;47.5575
17.4296;47.5776
17.1689;47.5882
18.9234;47.0272
18.9216;47.0275
18.94;47.0251
18.828;47.275
18.8343;47.2697
18.9409;47.1609
18.9556;47.1559
18.9426;47.1733
18.946;47.1594
18.9429898;47.1574935
20.6556;48.1775
20.5207;48.4066
20.8355;48.4619
20.227856;47.088734
20.2347;47.0902
20.2308;47.0966
21.9793;48.0427
20.1043;47.932
20.1031;47.9308
16.4684;46.6183
18.3812;46.5788
22.0117;48.2022
19.1369;47.927
17.2188;46.8429
19.5302;48.0391
22.1329;48.0295
19.2593;47.9251
19.2635;47.9227
16.3767;46.975
19.7418;47.7869
20.6197;48.3759
20.6226;48.3727
18.100312;46.841607
20.7393;48.18
20.7397;48.1782
20.7727;48.191
20.5807;48.2688
20.5805;48.2842
20.5905;48.2869
20.7766;48.1701
20.6756;48.1841
20.8478;48.1593
20.7111;48.2193
20.7037;48.2204
20.7085;48.2134
20.7072;48.2198
20.8218;48.1956
16.6606;46.8516
20.1002;46.3601
20.0978;46.362
20.1086;46.3578
20.0988;46.3612
21.6304;47.4074
18.6806;47.6749
21.3736;46.7395
21.3683;46.7371
21.3805;46.7429
21.3842;46.7474
21.3918872;46.7407299
21.3834;46.8108
18.5475;47.0069
18.5547;46.9991
17.1687;46.7098
18.6414;47.0452
18.6547;47.0418
18.5624;46.9667
18.6071;46.6246
18.3356;47.1528
18.3232;47.155
16.942;47.2502
16.9324;47.2534
16.9307;47.2529
16.9301;47.2541
16.928;47.2498
16.9429;47.2504
16.9437;47.2501
17.2687;46.5914
17.8465;45.8712
17.8501;45.8726
21.8793;47.9995
18.5827;47.1091
18.282;45.8594
18.272;45.8712
18.6509;46.3923
18.070227;46.879254
20.1946;47.9281
17.3748;47.4772
16.8483366;46.6641864
17.6908;47.4914
19.395571;46.578976
19.393982;46.581455
19.391031;46.581113
18.939;47.5821
18.9562;47.598
18.9292;47.5911
18.9291;47.597
18.6586;46.0803
17.3588415;47.17146
17.3777;47.1203
17.7731;46.6807
18.0061;46.5871
17.7131;46.5291
17.6847;46.5717
18.4548;47.0124
18.4552;47.0126
16.7471;47.5439
16.6765;47.1372
18.8331;47.4066
18.5967;47.2398
18.9946;46.2891
19.5505;47.4532
19.5323;47.4487
19.5347;47.4502
19.528;47.4524
19.5386;47.4529
17.2816;46.9775
17.2822;46.977
17.2814;46.9778
17.2746;46.9401
18.373813;47.119846
18.6932;47.0776
21.0644;46.599
18.0423;46.0085
21.4928;48.1721
22.142;48.153
19.3135;47.6396
17.9473;46.2254
20.303827;47.174818
20.2955;47.1747
20.3038;47.1748
18.1662;47.5537
18.2376;45.9496
21.1269;48.3851
18.2815;46.2897
22.3658;48.0453
19.4403;47.9271
19.6684;46.5544
19.6709;46.5528
17.2956;47.4664
18.5183;47.478
17.1232;47.5913
18.4875;47.52
18.4971;47.5194
20.542179;46.866332
20.55126;46.864336
20.041;46.3413
20.0442;46.3443
18.9231;47.3264
18.9055;47.32
18.9051;47.3107
18.9079;47.3237
18.9075;47.3139
18.915;47.3156
18.9383;47.3292
18.9071343;47.3136828
19.5222;48.082
19.5203;48.0812
18.4562;45.9972
18.6841;46.4737
18.6845;46.4735
20.161452;46.272375
20.1516;46.271
20.1425;46.2551
20.1398;46.2454
20.1386;46.247
20.1679;46.2671
20.1667;46.267
20.1593;46.2455
20.1509;46.2646
20.1509;46.2641
20.0711;46.2733
20.0642;46.2745
20.1434;46.2507
20.1464;46.2532
20.1817;46.2425
20.1724;46.2453
20.1339;46.2386
20.1768;46.2686
20.1404;46.2552
20.1467;46.2488
20.2238;46.5793
20.2249;46.5856
20.2308;46.5861
18.599;46.0491
18.423483;47.193482
18.4041;47.1928
18.4257;47.2104
18.4008;47.1596
18.4034;47.1653
18.4017;47.1892
18.4477;47.1958
18.4193;47.1995
18.4202;47.1908
18.4326;47.1939
18.4152;47.1893
18.4133;47.1882
18.4243;47.1918
18.4064;47.1955
18.4189;47.1937
18.4319;47.1491
18.4079;47.1823
18.4377;47.191
18.4151;47.1936
18.3971;47.192
20.54;46.5059
20.5337;46.5045
18.703;46.3466
18.8475;46.3283
18.7041;46.3501
18.7111;46.3567
18.7116;46.3472
18.7035;46.3538
18.7018;46.3509
18.7034;46.3314
18.7062;46.3515
18.7065;46.3444
18.7036026;46.3585551
18.701368799926037;46.34083625
19.1059;47.8588
20.7297;48.4014
20.7432;48.3422
19.2828;47.9668
19.0717605;47.6549044
17.734;47.112
17.7395;47.1146
16.274;46.955
16.2703;46.9551
16.2735;46.9531
16.2740884;46.9535603
20.6656;47.7725
17.9702;47.0526
17.8317;46.148
17.9848;46.0369
17.9918;46.0393
17.9888;46.0398
19.7499;47.5166
19.6954;47.45
19.6788;47.4331
16.4782;47.0899
17.0354305;46.7623297
21.203;48.1579
21.206;48.1614
21.1924;48.1613
18.9498;47.1289
18.968254;47.261286
19.001984;47.466768
18.9848;47.3203
18.989;47.3222
18.9953;47.3308
19.0098;47.3252
19.0128;47.3226
19.0119;47.3146
18.9986;47.3243
18.9588;47.2303
18.9583;47.2285
19.0344216953;47.3390608302
19.0449;47.3477
19.0359;47.3418
19.0371;47.3379
19.0378;47.3379
19.0353;47.338
19.0264;47.3822
19.042;47.3385
19.012;47.3808
19.0212;47.3478
19.0258;47.3518
19.0327;47.34
19.036;47.3392
18.9279;47.2339
17.8037;46.0458
17.8049;46.0441
17.8094;46.0481
17.7918;46.047
20.479;47.7788
20.9273;48.1929
20.9282;48.2013
20.9237;48.1871
17.2307;47.5037
20.7955;48.1536
20.7956;48.1527
20.8027;48.1474
18.8632;47.817
19.1546;47.728
19.1444;47.7354
19.1464;47.7363
19.0019;47.8657
20.200198;47.176655
20.192122;47.176265
20.1973;47.1771
20.1968;47.1769
20.1968;47.1772
20.1999;47.1767
20.1801;47.1781
20.1854;47.1802
20.184;47.1821
20.1976;47.159
20.1882;47.1712
20.1774;47.1792
20.1831;47.1935
20.1584;47.1642
20.1959;47.1748
20.2123;47.1228
20.1809;47.1803
20.1919;47.175
20.1763;47.1723
20.197;47.18
16.6233;47.2414
16.613;47.2319
16.6159;47.2513
16.6216;47.2302
16.6199;47.2307
16.5936;47.2396
16.5868;47.2445
16.6314;47.2372
16.6208;47.2316
16.59;47.2433
16.6175;47.2304
16.6279;47.2312
16.6209;47.2189
16.6232;47.2331
16.6174;47.2234
16.619;47.2116
16.6211;47.2324
16.621;47.2337
16.6225;47.2334
16.6255;47.2249
18.3409;47.6839
18.339;47.6847
20.4922;47.8924
18.6635;47.5919
19.7611;47.8055
19.9154;47.9641
20.6552;48.285
20.6757;48.3842
19.6969;47.8668
18.6291;47.404
19.3079;46.6845
18.4107;47.0803
19.089;47.7549
19.0666;47.3359
19.0665;47.3354
19.064;47.3293
17.5682;46.9803
18.2862;46.6279
18.2818;46.6369
18.1873676;46.6956642
19.6935;47.3702
19.6879;47.3623
19.9504;47.3359
19.9475;47.3374
19.6086;47.446
19.6078;47.4496
19.5989;47.4516
19.5757;47.4477
19.8753;47.3305
19.8697;47.3372
19.8723;47.346
19.7676;47.34
19.7467;47.3403
19.7554;47.3309
19.837447;47.293515
16.6966;47.1968
17.428;46.8846
17.4408;46.883
17.4091;46.8809
17.4369;46.8813
21.339088;48.136383
20.6027;47.876
20.5278;48.1674
18.4501;47.6627
21.2143;46.8098
18.5035;47.6047
18.5052;47.6091
20.2288;47.685
18.845409;47.376353
18.8718;47.3691
18.8654;47.3824
18.862251487208216;47.3640234
22.5284;48.1039
19.0313;47.014
18.6461;47.7441
18.3286;47.648
18.3267;47.6501
18.3271;47.6497
18.3146;47.6448
18.3133;47.6424
18.3198;47.6522
18.3214;47.6565
18.3202;47.6499
18.3982;47.5647
18.3895;47.5782
18.4115;47.5699
18.3847;47.5764
18.3879;47.586
18.3979;47.5843
18.4462;47.5449
18.4231;47.5606
18.4171;47.5607
18.4231;47.5606
18.4154;47.5609
18.391;47.5909
18.3709;47.6015
18.4062;47.5786
18.4057;47.5791
18.4074;47.5762
18.4081;47.5755
18.3988;47.5803
18.4037;47.5764
18.4062;47.5799
20.9517;46.6562
18.8205;47.5507
17.6489;47.5416
21.5715;47.3212
19.4411;47.9455
18.0322;47.2594
16.7797;46.8563
17.5148;47.514
17.5150613;47.5140099
21.3074;47.3126
20.6344;47.9222
18.7785;47.6195
22.2932;48.222
21.719;48.2102
20.324;47.2121
20.4307;47.3971
20.3873;47.3923
21.8273;48.1879
19.6634;47.5085
19.6728;47.5095
18.732;47.5665
18.6694;47.7365
18.654;47.7187
18.6924;47.7316
18.697;47.7341
18.965;47.3277
18.9958;47.3392
18.962;47.3104
18.7708;46.4207
18.7697;46.4198
18.7617;46.417
18.7857;46.4229
18.7829;46.4228
18.7834;46.4225
17.7374;47.6258
20.7017;47.4317
19.555793;46.171715
18.7477;47.3447
17.9913;46.2301
18.9156;47.4349
18.9301;47.4286
18.9205;47.4337
18.9190043;47.4329128
20.4093;47.1787
20.422;47.1697
20.4076;47.1831
20.3863;47.1758
20.3956;47.1783
20.4181;47.1806
20.3991;47.1786
20.405;47.1735
20.4104;47.1795
20.4116192;47.1784213
16.5377;47.2405
20.1292;47.1029
20.1407;47.0983
20.1484;47.1006
20.7382;46.4085
20.7344;46.4108
20.7372;46.4114
19.589401;47.610123
19.5866;47.6124
19.5968;47.6111
17.1055;46.9825
20.7459;47.1113
20.742;47.1067
20.7371;47.0983
20.7414;47.1037
17.2945;47.1138
18.6603;45.9025
21.0304;46.5954
21.0233;46.5977
21.0284;46.5887
18.3627;45.9372
20.0728;47.2951
20.0696;47.2908
20.068;47.2881
20.0715;47.2914
19.9117;47.2664
19.8986;47.2648
17.2197;47.044
19.3356;47.387
19.3399;47.381
19.353;47.3812
19.3422;47.387
19.3517;47.382
19.5256;47.414
19.0161;47.5956
18.9969;47.5861
19.0047;47.5854
18.9049;46.5693
19.1202;47.7871
19.1379;47.79
19.1284;47.7951
19.1463;47.7556
19.1277;47.7811
19.1342;47.7788
19.1309;47.7813
19.1195;47.789
19.1425;47.7697
19.1281;47.7765
19.1243;47.7833
19.132;47.7813
19.1323;47.7821
19.1291;47.7791
19.1407502;47.7746262
19.2609;47.7232
20.5556;48.2737
22.1634;47.9959
17.9855;45.8602
18.6734;47.3596
18.678;47.3642
19.5124;47.5642
19.9274;47.6848
18.7874;47.9784
21.8982;47.5266
21.8991;47.5281
21.8958;47.5251
19.449;47.8253
20.6213;48.1625
17.6514;47.1449
18.148532;47.200296
18.1321;47.201
18.143;47.1991
18.1373;47.2065
18.1404;47.2002
17.5477;47.1015
17.2973;46.8661
19.4028;47.3237
16.5269;47.0146
22.3067;48.1294
22.3418;48.1258
22.3184;48.1258
22.3181;48.1295
17.0568;47.116
21.8174;48.1103
16.7997;47.0483
16.8022;47.048
16.7996;47.0495
17.7589;46.9394
19.2578;47.4094
19.2588;47.3947
19.259;47.4007
19.253;47.4175
19.255;47.4046
19.2703723;47.4117254
19.279357;47.4055607
18.6535;47.237
18.6681;47.2231
18.6155;46.1564
18.617;47.3204
19.2696;47.6579
19.2893;47.6532
19.2909;47.6514
19.2869;47.6547
19.2855;47.6565
19.2865;47.6563
19.2932;47.6488
19.2926;47.6485
19.2925;47.6491
19.0422;47.8207
19.0357;47.8251
20.2312;47.8533
20.2263;47.8463
18.5786;47.3666
18.08384;47.485896
18.3668;47.5098
18.3719;47.6239
17.2896;46.412
17.0887;47.5969
17.950216;47.142753
17.9228704;47.0831647
17.9191;47.0863
17.9189;47.0866
17.9159;47.0886
17.9156;47.094
17.9255;47.0919
17.9245;47.0906
17.9266;47.0975
17.9087;47.0858
17.9158;47.1039
17.9134;47.1059
17.9188;47.1063
17.9179;47.1072
17.9176;47.1083
17.9144;47.0941
17.9144;47.0957
17.9133;47.1032
17.909;47.0931
17.9128;47.0935
17.9502;47.1428
18.4561;45.8693
18.452;45.8671
18.9702;47.786
20.0269;47.7825
16.9891;47.586
17.3152;46.762
17.3152;46.7622
20.128;47.2681
20.1278;47.2673
19.8881;46.2751
17.1063;46.7277
17.0276;46.9762
16.8669;46.8439
16.8471;46.8434
16.851;46.8432
16.8467;46.8421
16.8345;46.8252
16.8519;46.8328
16.7925;46.8683
16.8459;46.8392
16.8478;46.8436
16.8293;46.8254
16.8294;46.8245
16.8252;46.8355
16.832;46.8467
16.8331;46.8469
16.8463;46.8405
16.8423;46.8402
16.8336;46.8408
16.8313;46.8436
16.8622;46.8413
16.851;46.844
17.226;47.0168
17.1227;46.5603
17.177;46.5352
17.1857134;46.5276394
16.5849;46.8468
16.585;46.8466
17.2286;46.8897
17.2222;47.0976
17.081;46.9408
17.0745;46.9428
16.949;46.7265
17.159;46.667
17.943868;46.880733
18.9108;47.8008
18.6743;47.1251
17.9767;46.6772
17.8727;47.2641
17.8704;47.2697
17.8737;47.2612
17.8709;47.2621
18.5653;46.4105
18.7184;47.5462
18.7215;47.5502
19.6076;47.5432
19.6592;46.3831
19.9748;46.3276
20.5775;48.3796
