NaN;NaN;Abádszalók;Piac tér 1/4.;
20.001218;47.794212;Abasár;Fő tér 47.;
NaN;NaN;Abda;Bécsi út 62.;
17.2009014;47.6738186;Acsalag;Fő utca 26.;
NaN;NaN;Ácsteszér;Kossuth Lajos utca 47. Hrsz. 38/9.;
16.513629162478203;47.6905258;Ágfalva;Fő utca 71.;
22.0587786;48.1811464;Ajak;Rákóczi út 4.;
NaN;NaN;Ajak;Vasút utca 71.;
17.568909;47.1060838;Ajka;Alkotmány utca 9.;
NaN;NaN;Ajka;Autóbusz Pályaudvar HRSZ. 3117/10.;
NaN;NaN;Ajka;Csingeri utca 2.;
NaN;NaN;Ajka;Fő út 1322/10 hrsz.;
NaN;NaN;Ajka;Petőfi Sándor utca 1513/3. Hrsz.;
17.5632237;47.1053164;Ajka;Szabadság tér 15.;
NaN;NaN;Alacska;Kossuth Lajos utca 17/B.;
NaN;NaN;Alap;Fő út 182.;
19.6019233;47.2448298;Albertirsa;Dánosi utca 85.;
19.6068713;47.2407774;Albertirsa;Vasút utca 34.;
20.2021;46.3314;Algyő;Sport utca 1.;
17.9752086;46.9915203;Alsóörs;Endrődi Sándor utca 24/B.;
20.4173802;47.8346848;Andornaktálya;II Rákóczi Ferenc út 285.;
20.408784150000002;47.854847750000005;Andornaktálya;II. Rákóczi Ferenc út 107.;
19.0809932;47.1134262;Apaj;Toldi utca 204/2.;
18.9688285;46.8842728;Apostag;Vasút utca 22.;
18.962536;46.8807984;Apostag;Kossuth Lajos utca 4.;
NaN;NaN;Aranyosapáti;Kossuth utca 44/A.;
20.2433195;48.1614583;Arló;Ady Endre utca 274/A;
19.7850023;46.2013339;Ásotthalom;Királyhalmi utca 45.;
NaN;NaN;Átány;Bem József utca 6.;
17.3445948;46.0365345;Babócsa;Szabadság tér 1.;
18.1189363;46.7498584;Bábonymegyer;Szent István utca 31.;
19.3419451;46.1211725;Bácsalmás;Mártírok útja 1/B.;
19.1511064;46.1254478;Bácsbokod;Hunyadi János utca 34.;
19.1591077;46.1037056;Bácsborsód;Dózsa György utca 27.;
NaN;NaN;Badacsonytomaj;1295. HRSZ.;
NaN;NaN;Bagamér;BÁTHORI  TÉR  2;Hétfő 6:00-19:00|Kedd 6:00-19:00|Szerda 6:00-19:00|Csütörtök 6:00-19:00|Péntek 6:00-19:00|Szombat 6:00-19:00|Vasárnap 6:00-19:00
18.3630654;47.6527354;Baj;Petőfi Sándor utca 2.;
NaN;NaN;Baja;Szabadság út 100.;
NaN;NaN;Baja;Szabadság út 46/B.;
17.9975615;46.2043006;Bakóca;Rákóczi utca 57.;
18.0951416;47.3207881;Bakonycsernye;Rózsa utca 74.;
19.2982417;48.0826825;Balassagyarmat;Mikszáth út 34.;
19.30545629501622;48.080394350000006;Balassagyarmat;Móricz Zsigmond utca 1/a.;
NaN;NaN;Balassagyarmat;Rákóczi út 66.;
20.3067445;48.0964924;Balaton;Réti utca 2.;
17.74847326046727;46.882823900000005;Balatonakali;Pacsirta utca 1/A.;
17.62384;46.7685829;Balatonboglár;Dózsa György utca 13.;
17.973277200000005;46.8393059;Balatonendréd;Fő utca 98.;
17.48033519301957;46.7126267;Balatonfenyves;Vörösmarty utca 10.;
17.878427285343445;46.847750149999996;Balatonföldvár;Balatonszentgyörgyi út 4.;
NaN;NaN;Balatonfüred;HRSZ. 69/21.;
17.869399;46.9595033;Balatonfüred;Dózsa György utca 3.;
17.8969744;46.9621824;Balatonfüred;Petőfi Sándor utca 78.;
17.8760827;46.94709;Balatonfüred;Széchenyi utca 43.;
18.1082898;47.0366556;Balatonkenese;Fő utca 21.;
17.6743519;46.7779408;Balatonlelle;Úszó utca 1.;
17.37280494970253;46.70381755;Balatonmáriafürdő;Keszeg utca 12.;
17.3041905;46.6917103;Balatonszentgyörgy;Berzsenyi Dániel utca 68.;
17.386942;46.673812;Balatonújlak;Kossuth Lajos utca 79.;
NaN;NaN;Ballószög;Rákóczi utca 11.;
NaN;NaN;Balogunyom;Petőfi S. utca 1/A;
NaN;NaN;Bánokszentgyörgy;Kossuth Lajos út 9.;
16.5524103;46.6832128;Barabás;Petőfi utca 1.;
NaN;NaN;Baracs;493/B/1. HRSZ.;
17.2972236;47.6438798;Barbacs;József Attila utca 35.;
NaN;NaN;Barcs;Belvárosi Üzletház HRSZ. 1819/54/A/3.;
NaN;NaN;Barcs;Séta tér 1/1.;
17.6851843;46.3270409;Bárdudvarnok;Bárd lakótelep 1.;
NaN;NaN;Bátaszék;Bajai utca 3.;
19.8258935;48.0042224;Bátonyterenye;Berekgát köz 1/A.;
19.833572;48.0069721;Bátonyterenye;Rákóczi út 8.;
22.272285;47.7567293;Bátorliget;Petőfi utca 6.;
21.01678;46.2938203;Battonya;Hunyadi utca 27.;
21.0089852;46.2853501;Battonya;Fő utca 1.;
21.019619446271484;46.28701335;Battonya;Petőfi tér 5.;
20.621715;46.4158934;Békéssámson;Szabadság utca 42/A.;
20.4837257;46.8716609;Békésszentandrás;Szent László utca 20.;
17.085472;47.4649404;Beled;Ciráki utca 27.;
16.9394466;46.3306563;Belezna;Szabadság tér 1.;
NaN;NaN;Beregdaróc;Szabadság út 43-45.;
21.6828143;47.0615189;Berekböszörmény;Kossuth utca 2.;
NaN;NaN;Berzék;Rákóczi út 89.;
17.1423839;46.2146206;Berzence;Kossuth utca 165.;
18.6290503;47.5002569;Bicske;Kossuth utca 2.;
NaN;NaN;Biharkeresztes;Széchenyi utca 71. fszt. 2.;
20.9720636;48.0404125;Bőcs;Rákóczi Ferenc utca 18.;
18.2468292;47.3175549;Bodajk;Petőfi Sándor utca 68.;
20.5355449;47.8962108;Bogács;Béke utca 1.;
18.32264;46.0847504;Bogád;Kossuth utca 34.;
NaN;NaN;Boldogkőváralja;Kossuth út 81.;
20.7881506;48.2154272;Boldva;Mátyás király út 38.;
17.9009094;46.5961897;Bonnya;Petőfi Sándor utca 19.;
NaN;NaN;Bőny;Kossuth utca 2/B.;
18.549773;46.2914823;Bonyhád;Deák Ferenc utca 6.;
NaN;NaN;Bonyhád;Fáy lakótelep 1. fszt. 2.;
18.539117352917295;46.29814525;Bonyhád;Zrínyi utca 25.;
19.9306138;46.3184878;Bordány;Kossuth Lajos utca 145.;
20.2476753;48.1217434;Borsodnádasd;Kővágó utca 16.;
NaN;NaN;Borsodszentgyörgy;Szentgyörgy út 185.;
NaN;NaN;Botpalád;Fő út 75.;
NaN;NaN;Bucsa;Kossuth utca 35/A.;
16.9318;46.78928;Búcsúszentlászló;Arany János utca 11.;
19.04638095845501;47.6196884;Budakalász;Budai út 15.;
NaN;NaN;Budakalász;HRSZ. 1861/13. (Omszk park 1.);
18.9317917;47.5135804;Budakeszi;Fő utca 121.;
18.9205425;47.5074427;Budakeszi;Dózsa György tér 1/A.;
18.9361377;47.5166629;Budakeszi;Fő utca 40-42.;
18.971098060894526;47.462186700000004;Budaörs;Budapesti út 61-63.;
18.89549864183448;47.4628058;Budaörs;Kandó Kálmán utca 2.;
18.9441307;47.4546695;Budaörs;Sport utca 2-4;
19.0328585;47.497006;Budapest;Alagút utca 5.;
19.037921;47.5070157;Budapest;Batthyány utca 1.;
NaN;NaN;Budapest;Fő utca 4. földszint;
NaN;NaN;Budapest;05. ker. Bajcsy Zs.   48.;
NaN;NaN;Budapest;05. ker. Bank utca 3.;
19.0501759;47.5061441;Budapest;Báthory utca 8.;
NaN;NaN;Budapest;Nádor utca 14. földszint;
19.06859;47.5090315;Budapest;Andrássy út 84.;
19.057745;47.5037847;Budapest;Hajós utca 23.;
NaN;NaN;Budapest;19. ker. Nádasdy utca 31.;
19.130216633185633;47.4162646;Budapest;Ciklámen utca 3.;
19.1192228;47.3900194;Budapest;Grassalkovich út 256.;
19.6360547;46.7019083;Bugacpusztaháza;Csobolyó utca 19.;
16.769505906577365;47.374981500000004;Bük;Kossuth Lajos utca 125.;
16.7563997;47.3807787;Bük;Széchenyi utca 49.;
NaN;NaN;Bükkaranyos;Petőfi út 102.;
20.6236758;48.0649092;Bükkszentkereszt;Kossuth Lajos utca 50/A.;
19.8018783;47.1676017;Cegléd;Bercsényi utca 53.;
NaN;NaN;2700;Cegléd Szent Imre herceg utca 13.;
19.7946137;47.1689782;Cegléd;Kőrösi út 43.;
19.7819433;47.1643602;Cegléd;Mizsei út 34.;
19.7988078;47.1724086;Cegléd;Rákóczi út 43/A.;
19.7931718;47.1705565;Cegléd;Selyem utca 7.;
19.8147362;47.1729759;Cegléd;Szolnoki út 28.;
19.8147362;47.1729759;Cegléd;Szolnoki út 52/A.;
19.7980658;47.1736167;Cegléd;Teleki utca 14.;
17.1527017;47.2568483;Celldömölk;Dr. Géfin Lajos tér 12.;
19.96645145;48.14680765;Cered;Szabadság tér 9.;
20.197746;46.9602961;Cibakháza;Lehel utca 10.;
17.0249725;47.4794599;Cirák;Csapodi utca 2/A.;
20.8906629;46.5433819;Csanádapáca;Batthyány út 7.;
NaN;NaN;Csaroda;Beregszászi út 16.;
19.176315;46.421432;Császártöltés;Keceli utca 3.;
18.9469046;46.0361707;Csátalja;Dózsa György utca 2.;
19.6252448;47.865135;Csécse;Rákóczi tér 5.;
19.6997881;47.1200235;Csemő;Ceglédi út 29/A.;
NaN;NaN;Csengele;Tanya   250;
22.6832111;47.8356808;Csenger;Hősök tere 1.;
NaN;NaN;Csenger;Rákóczi utca 75.;
NaN;NaN;Csengersima;Parkoló kültelek HRSZ. 0164/2.;
16.8700477;47.2353474;Csénye;Ady Endre utca 20.;
20.3419927;48.1450985;Csernely;Táncsics Mihály út 15/A.;
NaN;NaN;Csobád;Petőfi út 16.;
21.3380013;48.0489266;Csobaj;Rákóczi utca 35.;
18.2707859;47.3513734;Csókakő;Kossuth Lajos   39.;
NaN;NaN;Csököly;Dózsa György utca 2.;
NaN;NaN;Csokvaomány;Margaréta út 7.;
18.7167735;47.6921119;Csolnok;Kossuth Lajos utca 11.;
17.2660955;47.8581397;Csopak;Kossuth Lajos utca 103.;
18.2607502;47.2060551;Csór;Felsőtabán utca 358/3;
NaN;NaN;Csorna;Cserépgyári út 1.;
19.1915242;47.7357674;Csörög;Kisfaludy utca 19.;
20.8289543;46.6334077;Csorvás;Rákóczi utca 6.;
17.6008441;47.3614539;Csót;Rákóczi utca 4.;
19.3242163;47.8106915;Csővár;Mikszáth út 14.;
17.0992;46.2539;Csurgó;Petőfi tér 1/A.;
19.2948309;47.1961371;Dabas;Fő út 40.;
19.3217373;47.1901397;Dabas;Semmelweis utca 1.;
18.1920508;46.4937702;Dalmand;Fő utca 7.;
NaN;NaN;Dánszentmiklós;Dózsa György út 53/1;
21.5647982;47.3467551;Derecske;Bajcsy-Zsilinszky utca 2.;
20.2336601;46.2211869;Deszk;Kossuth utca 48.;
NaN;NaN;Detk;Árpád út 8.;
NaN;NaN;Dévaványa;Árpád út 77.;
NaN;NaN;Dévaványa;Szeghalmi utca 82/1.;
17.4357585;47.1036778;Devecser;Deák tér 7.;
NaN;NaN;Diósjenő;Dózsa György utca 28/B.;
18.2458434;46.4191469;Döbrököz;Széchenyi utca 1/A;
NaN;NaN;Dombegyház;Béke utca 2/A;
21.131709;46.3388387;Dombegyház;Tavasz utca 59.;
21.1159333;46.4165184;Dombiratos;Dózsa utca 29.;
NaN;NaN;Dombóvár;Pannónia utca 37.;
21.9283958;48.2340772;Dombrád;Dolgozók útja 6.;
NaN;NaN;Dombrád;Kossuth Lajos út 58.;
NaN;NaN;Dör;Kossuth utca 2/A.;
18.7280976;47.7285884;Dorog;Bányász körönd 1864/1.;
NaN;NaN;Dunabogdány;Kossuth Lajos utca 61.;
18.9544362;46.8375411;Dunaegyháza;Petőfi Sándor utca 14.;
NaN;NaN;Dunaföldvár;2352/13. Hrsz.;
18.8961094;46.7954606;Dunaföldvár;Kéri utca 71.;
19.1152343;47.3491967;Dunaharaszti;Knézich utca 1.;
NaN;NaN;Dunaharaszti;Némedi utca 102/A.;
19.12760987403978;47.67893015;Dunakeszi;Béke út 6.;
19.2305532;47.640996;Dunakeszi;Fő utca 24.;
NaN;NaN;Dunakeszi;Madách Imre út 1. A. ép.;
17.2899949;47.9674587;Dunakiliti;Kossuth Lajos utca 52.;
17.5358663;47.7685607;Dunaszeg;Táncsics Mihály utca 2.;
17.544083;47.7611152;Dunaszeg;Országút utca 5.;
18.7586785;46.0872452;Dunaszekcső;Kossuth utca 27.;
18.8976847;46.5901222;Dunaszentbenedek;Kossuth utca 37.;
19.0704682;47.272718;Dunavarsány;Halász Lajosné utca 2/A.;
NaN;NaN;Dunavecse;Fő út 51.;
18.9791275;46.3922934;Dusnok;Köztársaság utca 24/b.;
NaN;NaN;Ebes;Rákóczi utca 6. 4-es üzlet;
19.7646638;47.7359701;Ecséd;Hársfa utca 34.;
20.3277415;47.8707297;Egerszalók;Kossuth Lajos út 25.;
20.8918075;47.6241239;Egyek;Hunyadi János utca 47.;
NaN;NaN;Egyházasdengeleg;Rákóczi út 83.;
18.3305203;45.8087181;Egyházasharaszti;Kossuth Lajos utca 13.;
20.814351;47.9339;Emőd;Vörösmarty út 4.;
21.1113074;48.3350236;Encs;Petőfi út 66.;
18.2677118;46.9188851;Enying;Rákóczi utca 58.;
NaN;NaN;Eplény;Veszprémi utca 118. 239/2 hrsz;
18.8868378;47.2492445;Ercsi;Zrínyi utca 2.;
19.3156795;47.6748858;Erdőkertes;Fő út 15.;
20.3173784;47.6829867;Erdőtelek;Fő utca 136.;
21.7587541;47.8075984;Érpatak;Béke utca 24.;
18.9801296;46.2632061;Érsekcsanád;Dózsa György út 76.;
16.8828901;46.4772724;Eszteregnye;Kossuth Lajos utca 9.;
18.7458833;47.7851482;Esztergom;Terézia utca 16.;
18.7519925;47.7800673;Esztergom;Galagonyás út 4.;
18.7247851;47.7360039;Esztergom;Vízimalom utca 2.;
18.7528191;47.4478552;Etyek;Körpince utca 4.;
18.757107;47.4484843;Etyek;Kossuth Lajos utca 67.;
20.3139741;48.1855845;Farkaslyuk;Jószerencsét tér 11.;
20.5233437;47.2614055;Fegyvernek;Szent Erzsébet út 164.;
20.5225704;47.257388;Fegyvernek;Szent Erzsébet út 46.;
22.5134457;47.9888022;Fehérgyarmat;Kertváros utca 1.;
NaN;NaN;Felsőnyárád;Dózsa György út 14.;
20.4321662;47.9802509;Felsőtárkány;Fő út 149/1;
NaN;NaN;Felsőzsolca;Bólyai János utca 6/B fsz/2.;
20.8556266;48.1087943;Felsőzsolca;Kassai utca 40.;
20.8537455;48.1023148;Felsőzsolca;Szent István utca 26.;
NaN;NaN;Fényeslitke;Kossuth Lajos utca 143.;
16.8696302;47.5936274;Fertőszentmiklós;Soproni utca 48.;
16.8420094;47.6174865;Fertőszéplak;Nagy Lajos utca 55;
21.3621874;47.2877958;Földes;Fő utca 28.;
NaN;NaN;Folyás;Kossuth utca 1.;
NaN;NaN;Fonyód;Béke utca 8058/12. hrsz.;
17.5563394;46.7489614;Fonyód;Szent István utca 6.;
NaN;NaN;Fülesd;Fő út 52.;
NaN;NaN;Fülöpszállás;Solti utca 2.;
19.2397307;46.8184306;Fülöpszállás;Bajcsy-Zsilinszky Endre utca 4.;
21.4658642;47.1300562;Furta;Szabadság út 53.;
19.3994;47.698;Galgamácsa;Kossuth Lajos utca 1.;
18.6309647;47.2077961;Gárdony;Posta utca 8.;
18.6274884;47.2066851;Gárdony;Rózsa Ferenc utca 1/C.;
NaN;NaN;Gávavencsellő;Kápolna út 10.;
21.9461898;48.1497982;Gégény;Dombrádi út 9.;
NaN;NaN;Gelej;Petőfi utca 24.;
22.4455057;48.2049102;Gelénes;Kossuth út 40.;
NaN;NaN;Gelse;Kossuth utca 95/B;
NaN;NaN;Gencsapáti;Dózsa György út 5.;
18.5317696;46.1107928;Geresdlak;Dózsa György utca 46.;
21.5720263;46.8797649;Geszt;Kossuth Lajos utca 92.;
20.9655244;48.1038663;Gesztely;Szabadság tér 7.;
NaN;NaN;Gic;Nagy Lajos út 53.;
19.1325788;47.6881805;Göd;Szent István utca 20/B.;
19.134591;47.6783373;Göd;Beck Ö. Fülöp tér 1.;
NaN;NaN;Göd;Köztársaság út 17. 3. ajtó;
19.1346418;47.6915367;Göd;Pesti út 210.;
19.374115447934848;47.58647875;Gödöllő;Köztársaság út 85.;
NaN;NaN;Gödöllő;Palotakert 19.;
19.26069;47.54584;Gödöllő;Szabadság út 52.;
NaN;NaN;Görbeháza;Böszörményi utca 93.;
19.2144089;47.3871307;Gyál;Vak Bottyán utca 68.;
17.494746;47.4648576;Gyarmat;Újsor utca 10.;
NaN;NaN;Gyenesdiás;Madách I. utca 728/16.;
18.1788667;45.9957376;Gyód;Fő utca 36.;
20.8048433;46.9319059;Gyomaendrőd;Fő út 26-28.;
19.4055806;47.4162855;Gyömrő;Mendei út 27.;
NaN;NaN;Gyömrő;Táncsics Mihály utca 101.;
NaN;NaN;Gyöngyös;Olimpia út 4.;
19.92184309451635;47.77770525;Gyöngyös;Pesti út 1/1.;
19.937090112269544;47.789121449999996;Gyöngyös;Dobó utca 5.;
19.9326668;47.7751821;Gyöngyös;Laktanya utca 18.;
NaN;NaN;Gyöngyös;Páter Kiss Szaléz utca 22. Fsz. 1. ajtó;
19.7971266;47.8130724;Gyöngyöspata;Fő út 37.;
19.9331575;47.8094651;Gyöngyössolymos;Szabadság út 166.;
17.5685366;47.5514361;Győrszemere;Iskola utca 12.;
NaN;NaN;Győrújfalu;224/2/A. hrsz.;
21.2776799;46.6455163;Gyula;Megyeház utca 4.;
21.2825038;46.635383;Gyula;Temesvári út 1.;
21.2725176;46.6432076;Gyula;Vásárhelyi Pál utca 2.;
21.5076056;47.6730309;Hajdúböszörmény;Kossuth Lajos utca 18.;
21.49903670127551;47.814110549999995;Hajdúdorog;Böszörményi út 18.;
21.50041972036953;47.81594295;Hajdúdorog;Vasvári Pál tér 8.;
NaN;NaN;Hajdúnánás;Dorogi utca 9.;
NaN;NaN;Hajdúnánás;Eszlári utca 1/A.;
NaN;NaN;Hajdúsámson;Hrsz. 9242.;
21.3890188;47.4521206;Hajdúszoboszló;Böszörményi utca 14.;
NaN;NaN;Hajdúszoboszló;József Attila utca 2-4. 2466. hrsz.;
NaN;NaN;Hajós;Anna Maria Hall tér 6.;
19.1179102;46.3984838;Hajós;Köztársaság tér 1.;
17.3241464;47.8888326;Halászi;Kossuth utca 13.;
NaN;NaN;Halmaj;Fő út 19.;
20.1970485;48.2247176;Hangony;Rákóczi út 55/2.;
NaN;NaN;Harkány;Kossuth L. utca 40.;
NaN;NaN;Harsány;Kossuth út 72.;
20.7427973;47.9646822;Harsány;Kossuth Lajos utca 115.;
19.680599248487603;47.66796499972785;Hatvan;Grassalkovich út 8.;
19.6881747;47.6691712;Hatvan;Nádasdy Tamás utca 26.;
19.6534358;47.6635808;Hatvan;Rákóczi út 33.;
19.6534358;47.6635808;Hatvan;Rákóczi út 52/A.;
NaN;NaN;Hédervár;Dózsa György út 1.;
NaN;NaN;Hegyeshalom;Hrsz. 0152/2.;
NaN;NaN;Hejőkeresztúr;Petőfi út 42.;
19.6192468;46.8364591;Helvécia;Áruház utca 1.;
19.6170512;46.8588115;Helvécia;Taál Bálint utca 2.;
19.4181508;47.1759086;Hernád;Köztársaság út 72/B.;
20.9703118;48.083728;Hernádnémeti;Rákóczi Ferenc utca 96.;
20.2862764;47.5947109;Heves;Erkel Ferenc utca 3/A.;
20.2296374;48.0105934;Hevesaranyos;Szabadság utca 6.;
17.1893695;46.7881692;Hévíz;Park utca 1.;
17.186816140682787;46.7905747;Hévíz;Széchenyi utca 21.;
NaN;NaN;Hévízgyörk;Hrsz. 539/1/C.;
19.5156812;47.6299427;Hévízgyörk;Vörösmarty utca 85.;
18.4204548;46.4948242;Hőgyész;Zrínyi Miklós utca 4.;
16.6281183;47.4108108;Horvátzsidány;Fő utca 6/A.;
21.742781612902412;47.390608650000004;Hosszúpályi;Kossuth Lajos utca 37.;
16.6056841;46.6044582;Iklódbördőce;Fő út 13.;
17.520435550949905;47.655772150000004;Ikrény;Vasútsor utca 21.;
19.3911113;47.5433686;Isaszeg;Kossuth Lajos utca 142.;
NaN;NaN;Ivándárda;Kossuth Lajos utca 58.;
NaN;NaN;Izsófalva;Izsó Miklós utca 121.;
22.6653796;47.9247985;Jánkmajtis;Arany János utca 5.;
19.325709;46.29867;Jánoshalma;Bernáth Zoltán utca 34.;
NaN;NaN;Jánossomorja;Rákóczi F. utca 36.;
17.1360092;47.7881554;Jánossomorja;Balassi Bálint utca 2.;
NaN;NaN;Járdánháza;Izra út 14.;
18.0223089;47.2836197;Jásd;Rózsadomb utca 1/B.;
NaN;NaN;Jászárokszállás;Árpád tér 3731/12.;
NaN;NaN;Jászberény;Kossuth Lajos út 54.;
19.9207231;47.4925402;Jászberény;Puskin sétány 22.;
20.0010553;47.3723513;Jászboldogháza;Rákóczi utca 18.;
19.9918634;47.5231259;Jászjákóhalma;Fő út 27/A.;
NaN;NaN;Jászkisér;Virág út 2.;
NaN;NaN;Jászladány;Szabadság tér 2. 1407/4. Hrsz.;
20.171375;47.582159;Jászszentandrás;Mártírok út 8.;
NaN;NaN;Jobbágyi;Apponyi utca 80.;
NaN;NaN;Juta;Rákóczi utca 2.;
17.9555836;46.0386588;Kacsóta;Kossuth Lajos utca 18.;
20.2614665;47.7300859;Kál;Fő út alsó 13.;
21.9140515;47.8598074;Kállósemjén;Kossuth utca 104.;
17.617483546416004;46.0689036;Kálmáncsa;Kossuth utca 30.;
NaN;NaN;Káloz;Kossuth utca 2/B;
20.9782664;46.7611069;Kamut;Petőfi utca 42.;
NaN;NaN;Kápolna;Klapka György utca 1.;
18.6830788;47.2425792;Kápolnásnyék;Fő utca 22-23.;
NaN;NaN;Kaposhomok;Petőfi tér 2.;
17.7087294;46.363162;Kaposmérő;Rákóczi utca 40.;
17.7087294;46.363162;Kaposmérő;Rákóczi utca 39-1.;
NaN;NaN;Kaposvár;Baross Gábor utca 5-13. fszt. 3.;
17.7907317;46.3519038;Kaposvár;Bartók Béla utca 6.;
17.782523004293004;46.3574727;Kaposvár;Bereczk Sándor utca 2.;
17.7833511;46.3581899;Kaposvár;Berzsenyi utca 9.;
NaN;NaN;Kaposvár;Cukorgyár köz 8.;
NaN;NaN;Kaposvár;Frankel Leó utca 1. földszint 2.;
17.7659;46.375;Kaposvár;Jutai út 26.;
17.782601749999998;46.361708050000004;Kaposvár;Kanizsai utca 2.;
NaN;NaN;Kaposvár;Kaposfüredi pavilonsor 2.;
17.8118749;46.3573547;Kaposvár;Pécsi utca 97/B.;
17.7787699;46.3572276;Kaposvár;Vásártér 2.;
NaN;NaN;Kapuvár;Berg Gusztáv út 2.;
NaN;NaN;Kapuvár;Batthyány utca 1. hrsz. 1481.;
17.02669723774267;47.591376999999994;Kapuvár;Kossuth utca 1.;
NaN;NaN;Karancslapujtő;Honvéd út 2. A. ép.;
19.7242322;48.1526921;Karancslapujtő;Rákóczi út 79/A.;
20.9324818;47.3122335;Karcag;Püspökladányi út 91.;
17.3442756;47.8000929;Károlyháza;Május 1. tér 11.;
NaN;NaN;Kazincbarcika;Egressy út 1/C;
NaN;NaN;Kazincbarcika;Mátyás király utca 58.;
NaN;NaN;Kazincbarcika;2625/8. hrsz.;
20.6159596;48.2484608;Kazincbarcika;Építők útja 32.;
19.6980398;46.9093465;Kecskemét;Bercsényi utca 5.;
19.6683588;46.8882912;Kecskemét;Bíró Lajos utca 3.;
19.7084966;46.9405973;Kecskemét;Ceglédi út 16.;
NaN;NaN;Kecskemét;Czollner köz 6477/8. hrsz.;
19.63649;46.88753;Kecskemét;Dunaföldvári út 2.;
19.7211017;46.8980487;Kecskemét;Gizella tér 1.;
NaN;NaN;Kecskemét;Gizella tér 1. fsz. 3.;
19.6941341;46.905905;Kecskemét;Katona József tér 6.;
NaN;NaN;Kecskemét;Kisfái tanya 207/b.;
NaN;NaN;Kecskemét;Kőhíd utca 6. földszint 6. ajtó;
19.6614283;46.9297468;Kecskemét;Ladánybenei út 1.;
NaN;NaN;Kecskemét;Lombos utca 15190/4. Hrsz.;
19.6752648;46.9187651;Kecskemét;Március 15. utca 15.;
19.6975053;46.8911982;Kecskemét;Mindszenti körút 20/A.;
19.6955405;46.9094193;Kecskemét;Rákóczi út 6.;
19.687948;46.8991232;Kecskemét;Rávágy tér 1.;
19.7069124;46.8812995;Kecskemét;Szent László körút 37.;
19.710200946395652;46.91333485;Kecskemét;Szolnoki út 18.;
19.5864904;46.9332571;Kecskemét;Tamási Áron utca 4.;
19.679028296927562;46.92192625;Kecskemét;Tordai utca 2.;
17.116641;46.8393968;Kehidakustány;Hunyadi utca 2.;
NaN;NaN;Kelebia;Ady E. utca 152.;
NaN;NaN;Kerepes;Szabadság utca 1/A.;
NaN;NaN;Kerepes;Mogyoródi utca 1.;
NaN;NaN;Keszeg;Dózsa György utca 36.;
21.0462771;47.9675713;Kesznyéten;Szabadság utca 7.;
17.233941;46.7636008;Keszthely;Fodor utca 4501/65.;
17.2627196;46.7724291;Keszthely;Tapolcai út 35.;
18.7820712;47.71527;Kesztölc;Klement utca 17/b.;
21.178684;46.4180479;Kevermes;Március 15. utca 15.;
17.3816834;47.8301328;Kimle;Fő út 96.;
18.023343;47.5033551;Kisbér;Kossuth Lajos utca 11.;
NaN;NaN;Kisgyőr;Kossuth utca 1-5.;
NaN;NaN;Kishuta;Kossuth Lajos út 1.;
20.4939242;47.5046875;Kisköre;Kossuth Lajos út 1/A.;
17.6131514;46.3628072;Kiskorpád;Vörösmarty utca 40.;
19.851536;46.7125316;Kiskunfélegyháza;Béke tér 7.;
19.8465425;46.7211413;Kiskunfélegyháza;Dr. Holló Lajos utca 69/108.;
NaN;NaN;Kiskunfélegyháza;Pázmány utca 2/A. 2. ajtó;
17.6232681;47.1466003;Kislőd;Zrínyi Miklós utca 1.;
NaN;NaN;Kismaros;Kossuth Lajos utca 54.;
20.1411283;47.8522736;Kisnána;Rákóczi Ferenc utca 2.;
22.6307432;47.970372;Kisszekeres;Kossuth utca 74.;
19.2532424;47.540859;Kistarcsa;Semmelweis tér 2.;
19.9768217;46.475948;Kistelek;Liget utca 2/A.;
NaN;NaN;Kistokaj;Széchenyi út 118;
18.562186;46.503712;Kistormás;Kossuth utca 2.;
18.3116342;45.9085375;Kistótfalu;Dózsa György utca 17.;
22.0770697;48.2100639;Kisvárda;Vasút utca 2.;
22.0805002;48.2173691;Kisvárda;Rákóczi utca 12.;
NaN;NaN;Kisvejke;Rákóczi Ferenc utca 86.;
20.4275743;46.1871567;Kiszombor;Szegedi utca 1-3.;
18.2165434;47.5999609;Kocs;Kis utca 3-5.;
18.2192235;47.6077529;Kocs;Kossuth Lajos utca 9.;
NaN;NaN;Kocsola;Külterület HRSZ. 987.;
18.113123;47.7454066;Komárom;Klapka György út 10.;
18.27143;46.19693;Komló;Alkotmány utca 45.;
20.4436422;47.6026817;Kömlő;Egri út 39.;
16.393432150000002;46.896291149999996;Kondorfa;Alvég utca 161.;
NaN;NaN;Kópháza;Határátkelő HRSZ. 068/2.;
17.90003931916152;46.83204505;Kőröshegy;Petőfi Sándor utca 79.;
21.084954499999995;46.96109075;Körösladány;Kossuth út 6.;
21.0862709;46.9672618;Körösladány;Kossuth Lajos út 41.;
21.0234227;46.8727711;Köröstarcsa;Széchenyi utca 67.;
16.558496;47.3769667;Kőszeg;Szombathelyi út 2/9.;
16.541491208740453;47.388259399999995;Kőszeg;Városház utca 5.;
18.2844316;46.042508;Kozármisleny;Móricz Zsigmond tér 20.;
21.0300645;46.4212747;Kunágota;Rákóczi utca 33.;
19.4155427;46.3610614;Kunfehértó;Szabadság tér 4/a;
NaN;NaN;Kurd;Rákóczi tér 1.;
18.49793819804734;47.747271999999995;Lábatlan;Cementgyári lakótelep 42.;
NaN;NaN;Lábod;Hosszúfalvi utca 143.;
17.4539768;46.2075022;Lábod;Kossuth utca 69.;
19.5596447;47.0261588;Lajosmizse;Szabadság tér 7.;
19.9921825;46.8783353;Lakitelek;Bocskai utca 2.;
19.9998334;46.8656162;Lakitelek;Dr. Deák István utca 6.;
NaN;NaN;Lánycsók;Kossuth utca 2/B. FS. 2-3 ajtó.;
17.4012103;47.7306771;Lébény;Fő út 60.;
18.3679674;46.373858;Lengyel;Petőfi utca 23.;
17.6407164;46.6669737;Lengyeltóti;Zrínyi Miklós utca 25/4/A.;
16.5447437;46.6239527;Lenti;Takarék köz 5.;
17.3572998;46.8721519;Lesenceistvánd;Kossuth utca 128.;
17.3726149;46.8632499;Lesencetomaj;Kossuth utca 63.;
18.009099;47.0971492;Litér;Dózsa György utca 37.;
18.5527975;47.3120792;Lovasberény;Vásár utca 47.;
NaN;NaN;Lövő;Hrsz. 1250/1.;
22.1972816;48.184365;Lövőpetri;József Attila utca 1.;
19.6907576;48.0315421;Lucfalva;Rákóczi út 59.;
21.2778175;48.19085;Mád;Deák Ferenc utca 1.;
19.2604966;46.0583581;Madaras;Szent István utca 54.;
20.6086871;46.1698049;Magyarcsanád;Fő utca 35.;
NaN;NaN;Magyarhomorog;Mikszáth utca 11-1.;
18.2303726;46.7486227;Magyarkeszi;Kossuth utca 2.;
16.3388073;46.9500816;Magyarlak;Kossuth Lajos út 139.;
20.4149592;47.8117928;Maklár;Egri út 30/A.;
NaN;NaN;Maklár;Gárdonyi Géza utca 23.;
20.46162462494373;46.2103167;Makó;Szegedi út 63;
NaN;NaN;Makó;Csanád vezér tér 21. földszint;
20.483673;46.2147624;Makó;Megyeház utca 6.;
20.824092001523425;48.014920950000004;Mályi;Fő utca 20.;
20.8274587;48.0078871;Mályi;Fő utca 39.;
NaN;NaN;Mályinka;Rákóczi út 9.;
22.1920976;48.3231621;Mándok;Vasút utca 1.;
17.3708462;46.705581;Marcali;Rákóczi utca 6-10.;
17.3658;47.4341;Marcaltő;Fő tér 22.;
18.4605174;46.0288085;Máriakéménd;Rákóczi utca 17.;
17.8121618;47.1227419;Márkó;Petőfi utca 48.;
20.279616154233395;47.0160729;Martfű;Május 1. út 2.;
20.2841899;47.0181934;Martfű;Piac tér 3.;
NaN;NaN;Martonyi;Fő út 93.;
NaN;NaN;Mátészalka;Zöldfa HRSZ. 3322/8.;
19.9604941;48.0288673;Mátranovák;Szabadság út 14.;
NaN;NaN;Mátraverebély;Vasút út 46.;
18.2106036;46.2238055;Mecsekpölöske;Szabadság utca 22.;
16.8683327;47.1621843;Meggyeskovácsi;Kossuth utca 9.;
18.3313316;46.386954;Mekényes;Fő utca 119.;
19.3772956;46.2190131;Mélykút;Bercsényi utca 20.;
22.3796678;47.7893802;Mérk;Hunyadi utca 50.;
NaN;NaN;Mernye;Petőfi Sándor utca 311/B. hrsz.;
NaN;NaN;Mezőberény;Liget utca 3537. hrsz.;
NaN;NaN;Mezőcsát;Bacsó Béla út 17/A.;
20.8141318;46.3202708;Mezőhegyes;II. József körút 32.;
20.9018067;46.4025707;Mezőkovácsháza;Árpád utca 157.;
20.9018067;46.4025707;Mezőkovácsháza;Árpád utca 194.;
20.47754;47.720335;Mezőtárkány;Kossuth út 67-69.;
20.6161396;47.0080094;Mezőtúr;Dugovics Titusz utca 1.;
20.61222478348003;47.0026993;Mezőtúr;Földvári út 21.;
NaN;NaN;Mezőtúr;Szabadság tér 29. földszint;
21.633076449999997;47.45199365;Mikepércs;Debreceni utca 21.;
NaN;NaN;Miskolc;Andrássy út 49.;
20.7852206;48.082701;Miskolc;Csabai kapu 2.;
20.8109398;48.0987059;Miskolc;Kandó Kálmán tér 1-3.;
NaN;NaN;Miskolc;Klapka György út 9-11.;
20.72115;48.08241;Miskolc;Szeder utca 29.;
20.7848083;48.1272075;Miskolc;Szentpéteri kapu 80.;
20.7845317;48.0817153;Miskolc;Testvérvárosok útja 10.;
20.790546;48.100343;Miskolc;Vörösmarty utca 17.;
NaN;NaN;Miskolc;Adrássy út 61. A ép.;
20.790662846050957;48.1041107;Miskolc;Ady Endre utca 9.;
20.7133229;48.100338;Miskolc;Andrássy utca 14-16.;
20.685849108694388;48.106580449999996;Miskolc;Árpád utca 2.;
20.790412599942364;48.105003249999996;Miskolc;Búza tér 1.;
NaN;NaN;Miskolc;Egyetemváros E/7 alagsor HRSZ. 40592/11.;
18.6934584;45.9890598;Mohács;Jókai utca 16.;
18.6798323;45.9960615;Mohács;Kossuth Lajos utca 93.;
NaN;NaN;Mohács;Radnóti lakótelep 2. földszint 1. ajtó;
NaN;NaN;Mohács;Szabadság utca 28. A. lh. fszt. 35.;
18.6843518;45.9887101;Mohács;Szent István utca 4.;
NaN;NaN;Mohács;Tavasz utca 2. A. ép.;
19.444898;47.3522444;Monor;Kossuth Lajos utca 57.;
NaN;NaN;Monorierdő;Nefelejcs utca 12. 1420;
NaN;NaN;Mór;Dózsa György utca 3/B.;
NaN;NaN;Mór;Velegi út 2/A.4917/2.;
NaN;NaN;Mórágy;HRSZ. 69.;
19.8855372;46.2250153;Mórahalom;Zákányszéki út 12.;
NaN;NaN;Mosonmagyaróvár;Kolbai K. utca 21;
NaN;NaN;Mosonmagyaróvár;HRSZ. 587/3.;
17.2817217;47.8788034;Mosonmagyaróvár;Kálnoki út 19.;
17.2585933;47.8786394;Mosonmagyaróvár;Szekeres Richárd utca 19.;
17.27300905957211;47.865924500000006;Mosonmagyaróvár;Szent István király út 38.;
NaN;NaN;Mozsgó;Batthyány utca 28. Hrsz. 12/11.;
NaN;NaN;Nádasdladány;Fő utca 52.;
17.3628065;46.2261101;Nagyatád;Kossuth utca 28.;
17.3624873;46.2261601;Nagyatád;Kossuth utca 9.;
18.9064461;46.0430437;Nagybaracska;Bajai utca 11.;
16.7048422;47.6092416;Nagycenk;Kiscenki út 2/C.;
20.9388078;47.9639888;Nagycsécs;Kossuth út 9/C.;
NaN;NaN;Nagydém;Rákóczi Ferenc utca 9.;
NaN;NaN;Nagydobos;Fő út 138.;
17.6679241;46.0277695;Nagydobsza;Fő utca 3.;
22.390787;47.8639669;Nagyecsed;Hunyadi utca 18.;
22.3890347;47.8649264;Nagyecsed;Árpád utca 44.;
20.729768;46.3749945;Nagyér;Szabadság utca 39.;
NaN;NaN;Nagyigmánd;Mansbarth A. utca 6.;
21.8572625;47.8778167;Nagykálló;Bátori út 11.;
NaN;NaN;Nagykanizsa;3287/33. Hrsz.;
NaN;NaN;Nagykanizsa;95. HRSZ.;
16.9887536;46.4439918;Nagykanizsa;Erdész utca 6.;
16.9935785;46.4671165;Nagykanizsa;Garay utca 15/A.;
16.9896785;46.4575137;Nagykanizsa;Kinizsi utca 95.;
17.0047;46.4537;Nagykanizsa;Rózsa utca 3.;
16.9609;46.458;Nagykanizsa;Templom tér 12.;
16.9985779;46.8160369;Nagykapornak;Dózsa György utca 1.;
NaN;NaN;Nagykáta;Dózsa György út 19/E.;
NaN;NaN;Nagykáta;Kossuth Lajos utca 163/31.;
21.7842148;47.1884276;Nagykereki;Kossuth utca 7.;
19.7838;47.0394;Nagykőrös;Ceglédi út 16.;
19.7834875;47.0457226;Nagykőrös;Ceglédi út 7/A.;
19.781987062819297;47.0288357;Nagykőrös;Kálvin tér 1.;
19.775835826961845;47.0204989;Nagykőrös;Kecskeméti út 86.;
19.7807446;47.0337237;Nagykőrös;Széchenyi tér 9.;
18.8824832;47.5784831;Nagykovácsi;Lenvirág park 1.;
18.4632892;46.2861296;Nagymányok;Petőfi Sándor utca 98.;
NaN;NaN;Nagyréde;HRSZ. 468/A.;
19.8443693;47.7686151;Nagyréde;József Attila út 34.;
18.600639798815692;47.684536;Nagysáp;Köztársaság tér 1/A.;
NaN;NaN;Nagyszekeres;Árpád utca 2.;
20.6742128;46.6675884;Nagyszénás;Béke utca 2/1.;
17.8659084;47.7092545;Nagyszentjános;József Attila utca 67.;
17.6986211;46.9821823;Nagyvázsony;Kinizsi Pál utca 86.;
18.1058963;47.3631899;Nagyveleg;Kossuth utca 1.;
18.8644261;46.9578008;Nagyvenyim;Fő utca 25/2.;
NaN;NaN;Nekézseny;Kossuth Lajos út 6.;
20.9576223;47.8888379;Nemesbikk;Bercsényi utca 4.;
NaN;NaN;Nemesgörzsöny;HRSZ.292.;
NaN;NaN;Nikla;Berzsenyi utca 108/A.;
NaN;NaN;Nógrádmarcal;Rákóczi út 21.;
19.4705777;47.2787159;Nyáregyháza;Árpád út 9.;
20.8285663;47.989179;Nyékládháza;Szent István utca 7.;
18.550066;47.7618013;Nyergesújfalu;Kossuth Lajos utca 77.;
21.90519;47.6935995;Nyíradony;Árpád utca 11.;
21.9079726;47.6905008;Nyíradony;Kossuth utca 16.;
21.907483;47.6838021;Nyíradony;Temesvári utca 22.;
22.1336025;47.8340819;Nyírbátor;Szabadság tér 1.;
NaN;NaN;Nyírcsászári;Dózsa György út 1/A.;
21.9796382;47.7625102;Nyírgelse;Bacsó Béla utca 19.;
22.1018822;47.8867623;Nyírgyulaj;Petőfi utca 98.;
NaN;NaN;Nyírgyulaj;Mártirok utca 12.;
21.9734042;47.7364658;Nyírmihálydi;Petőfi utca 14.;
NaN;NaN;Nyírtass;Kossuth út 36.;
21.9225104;48.0093704;Nyírtét;Szabadság utca 53.;
22.1825524;47.8248686;Nyírvasvári;Bátori utca 11.;
NaN;NaN;Őcsény;924/2/A. HRSZ.;
18.7588475;46.3160404;Őcsény;Fő utca 48.;
20.3836021;46.9012141;Öcsöd;Kossuth Lajos út 15/1.;
20.9107;48.1179;Onga;Sport utca 12.;
NaN;NaN;Ónod;Hunyadi út 2/a;
19.2926668;47.6976579;Őrbottyán;Rákóczi Ferenc utca 169.;
19.1124705;46.5174243;Öregcsertő;Kossuth utca 73;
16.42019983161125;46.8394668;Őriszentpéter;Városszer 101.;
19.431746;47.1252481;Örkény;Fő utca 48.;
20.6763207;46.564071;Orosháza;Luther utca 61.;
18.1230909;46.2184358;Oroszló;Petőfi utca 40.;
18.1808967;47.1530044;Ősi;Kossuth Lajos utca 115.;
18.0727734;47.1633236;Öskü;Bántai utca 14.;
20.280600999999997;48.220906299999996;Ózd;Sárli út 2.;
20.2816416;48.218976;Ózd;Vasvár út 35.;
NaN;NaN;Ózd;Árpád Vezér út 20. E. lh. földszint 1.;
NaN;NaN;Ózd;Hrsz. 8086/2.;
NaN;NaN;Ózd;Piac út 8035/5 hrsz;
NaN;NaN;Ozora;Mártírok utca 120.;
17.0096318;46.7212825;Pacsa;Szent István tér 5.;
18.5500248;47.2192999;Pákozd;Budai út 68/A.;
18.8517068142583;46.611793199999994;Paks;Tolnai út 70.;
NaN;NaN;Paks;Építők útja Üzletsor HRSZ. 5122/100/A/8.;
18.8527924;46.631903;Paks;Fehérvári út 23.;
17.4504732;47.3250426;Pápa;Celli út 65.;
NaN;NaN;Pápa;Jókai utca 6.;
17.4678;47.3283;Pápa;Kossuth Lajos utca 30.;
NaN;NaN;Pápa;Szabadság utca 1/A. 4. Pav.;
17.4596619;47.330099;Pápa;Vásár utca 20.;
17.4668173;47.3252669;Pápa;Világos utca 16.;
NaN;NaN;Pápakovácsi;Séd utca hrsz.:121.;
18.4920475;47.2764284;Pátka;Tanács köz 7.;
21.9915365;48.1690388;Pátroha;Kossuth utca 95.;
NaN;NaN;Pécel;Április 4. utca 14.;
NaN;NaN;Pécsvárad;Kossuth Lajos utca 6. Hrsz. 316/23/A/6.;
NaN;NaN;Pély;Tarnai út 1.;
22.1536221;47.6381428;Penészlek;Táncsics Mihály utca 15.;
NaN;NaN;Penyige;Kossuth út 182.;
16.649357437497784;47.42669325;Peresznye;Zrínyi Miklós utca 2.;
20.103385;48.0177553;Pétervására;Szent Márton út 9.;
NaN;NaN;Petőfibánya;Liszt Ferenc utca 2.;
16.7268361;46.7416893;Petrikeresztúr;Kossuth utca 26.;
18.828532365537495;47.63239179999999;Piliscsaba;Fő út 131.;
18.7897;47.65515;Pilisjászfalu;Tinnyei út 1.;
NaN;NaN;Pilisszántó;Kossuth L. utca 82.;
NaN;NaN;Pincehely;Vörösmarty tér 2-3.;
16.482716162358656;47.0388789;Pinkamindszent;Fő utca 102.;
NaN;NaN;Polgár;Dózsa György utca 2-8.;
NaN;NaN;Polgár;Hősök utca 599/2. HRSZ.;
21.11317107115798;47.87260895;Polgár;Hősök utca 8/A.;
16.9243765;46.7533084;Pölöske;Petőfi Sándor utca 72.;
19.0189611;47.6485307;Pomáz;Szabadság tér 3.;
NaN;NaN;Pomáz;Szent Miklós tér 1/A.;
22.5689496;47.8823062;Porcsalma;Szabadság tér 2.;
16.4727618;47.1564371;Pornóapáti;Fő utca 1/B.;
NaN;NaN;Püski;Fő út 6.;
NaN;NaN;Püspökhatvan;Szabadság út 34.;
NaN;NaN;Püspökladány;Karcagi utca 30.;
21.1214242;47.3157258;Püspökladány;Bocskai utca 29.;
21.1214242;47.3157258;Püspökladány;Bocskai utca 6/5.;
18.7208917;46.5927138;Pusztahencse;Pozsonyi utca 93;
18.7688681;47.1473558;Pusztaszabolcs;Sport utca 6.;
NaN;NaN;Rábapatona;Kossuth Lajos   3.;
17.3236557;47.4598894;Rábaszentandrás;Vasút utca 28.;
18.9459868;47.1497163;Ráckeve;Vörösmarty utca 41.;
21.474599;48.1196987;Rakamaz;Szent István út 53.;
NaN;NaN;Rákócziújfalu;Fő utca 24/A.;
17.0230807;47.422275;Répcelak;Petőfi Sándor utca 89.;
NaN;NaN;Resznek;Kossuth Lajos út 9.;
20.0236076;46.1796818;Röszke;Fő utca 122.;
20.6225442;48.3726081;Rudabánya;Petőfi Sándor út 1/A.;
NaN;NaN;Ruzsa;Külterület Hrsz. 019/4.;
NaN;NaN;Sajóbábony;Széchenyi utca 24.;
20.7748326;48.1918911;Sajóecseg;Thököly utca 10.;
20.9521011;47.9899731;Sajóhídvég;Táncsics Mihály utca 72.;
NaN;NaN;Sajókaza;Május 1 út 14/2;
20.5826885;48.2836125;Sajókaza;Kossuth Lajos utca 4.;
20.9019008;48.0426459;Sajólád;Dózsa György út 84.;
20.9019822;48.0377102;Sajólád;Kossuth utca 36.;
NaN;NaN;Sajónémeti;Hrsz. 459.;
NaN;NaN;Sajópálfala;Dózsa György út 1.;
20.8883281;48.0362277;Sajópetri;Dózsa György út 27.;
NaN;NaN;Sajószentpéter;Tárna út 15/1;
16.8585973;47.4015986;Sajtoskál;Rákóczi utca 38.;
NaN;NaN;Salgótarján;Ady E. út 2.;
19.79010394604576;48.076390950000004;Salgótarján;Csokonai út 23.;
19.8134522;48.1315365;Salgótarján;Füleki út 203.;
19.8134522;48.1315365;Salgótarján;Füleki út 33-35.;
19.7881434;48.0782961;Salgótarján;Haris köz 10.;
19.8066;48.1031;Salgótarján;Rákóczi út 22.;
NaN;NaN;Sárisáp;Malom utca 8.;
21.3738395;46.7394292;Sarkad;Gyulai út 5.;
18.6424652;47.0443306;Sárosd;Fő utca 17.;
21.5600623;48.3268125;Sárospatak;Wesselényi út 14.;
21.1847704;47.2458634;Sárrétudvari;Kossuth utca 111/1.;
18.3190864;47.15711;Sárszentmihály;Fő út 131.;
20.5920842;47.586855;Sarud;Széchenyi út 2.;
16.9376775;47.2495066;Sárvár;Alkotmány utca 4.;
16.9328941;47.2534221;Sárvár;Batthyány utca 33.;
NaN;NaN;Sásd;Rákóczi utca 16.;
NaN;NaN;Sáta;Arany János út 14.;
21.6455123;48.4139199;Sátoraljaújhely;Kazinczy utca 103.;
21.6558624;48.3953817;Sátoraljaújhely;Széchenyi tér 9.;
NaN;NaN;Segesd;Kossuth L. utca 108.;
17.8522597;45.8732736;Sellye;Mátyás király utca 54.;
NaN;NaN;Serényfalva;Serényfalva,;
17.847929;47.43845;Sikátor;Kossuth utca 1.;
18.298145;45.8527832;Siklós;Felszabadulás utca 5.;
18.5536027;46.7529989;Simontornya;Szent István király utca 18.;
18.052;46.9054;Siófok;Fő tér 9.;
NaN;NaN;Siófok;Fő utca 107. földszint 3. ajtó;
18.0495988;46.9055095;Siófok;Fő utca 43.;
18.0564514;46.9079713;Siófok;Fő utca 83.;
18.1155086;46.9043215;Siófok;Vak Bottyán utca 1-5.;
18.028331996019034;46.8994203;Siófok;Zamárdi utca 1-2.;
NaN;NaN;Sirok;Nyírjes út 4. 760/5.;
18.9480423;47.5949637;Solymár;Vasút utca 17.;
NaN;NaN;Somlóvásárhely;03/2. Hrsz.;
17.8051116;46.4607408;Somogyaszaló;Kossuth Lajos utca 87;
17.5954088;46.407642;Somogysárd;Árpád utca 1.;
18.002;46.5139;Somogyszil;Szabadság utca 321.;
NaN;NaN;Somogyszob;Hrsz. 141.;
17.6437035;46.5916819;Somogyvár;Május 1. utca 43.;
19.82096086006029;48.162084300000004;Somoskőújfalu;Somosi út 188.;
16.5874847;47.6818475;Sopron;Erzsébet utca 7.;
16.582826;47.6899684;Sopron;Gyár utca 1.;
16.55559172454916;47.68747205;Sopron;Ágfalvi út 16.;
16.569354340196085;47.685849700000006;Sopron;Bánfalvi út 12.;
16.5818815;47.6911669;Sopron;Höflányi utca 45.;
NaN;NaN;Sopron;Kossuth Lajos utca 8/A.;
NaN;NaN;Sopron;Kőszegi út 5-7. ép: L. ajtó: 2.;
16.5782117;47.6891169;Sopron;Márcfalvi utca 2.;
16.59022083382347;47.6817879;Sopron;Mátyás Király utca 3.;
NaN;NaN;Sopron;Patak utca 45. földszint 1. ajtó;
16.6319714;47.6953574;Sopron;Rákosi út 61/B.;
16.59022733447351;47.68730745;Sopron;Várkerület 4.;
NaN;NaN;Söpte;Hrsz. 141/6.;
18.829697;47.407196;Sóskút;Fő utca 22.;
16.9495078;47.196601;Sótony;Fő utca 1.;
19.5395968;47.4527756;Sülysáp;Vasút utca 45/Q.;
17.2154923;46.9459931;Sümegcsehi;Táncsics utca 1;
NaN;NaN;Szabadbattyán;Balatoni út hrsz. 588.;
18.6883142;47.0781929;Szabadegyháza;Szabadság tér 8.;
NaN;NaN;Szabadhídvég;Fő út 1.;
21.0748464;46.6014718;Szabadkígyós;Kossuth tér 4.;
NaN;NaN;Szabadszállás;Kossuth út 2/A.;
19.078192;46.5578261;Szakmár;Bajcsy-Zsilinszky utca 14.;
21.8994629;47.7574351;Szakoly;Rákóczi utca 1.;
16.710318186046333;47.43153135;Szakony;Fő utca 19.;
NaN;NaN;Szalaszend;József Attila út 4/A.;
NaN;NaN;Szamosbecs;Belterület 1. hrsz.;
22.366772;48.0415868;Szamosszeg;Bercsényi utca 8.;
17.9028381;46.8622458;Szántód;Május 1. utca 2/A.;
17.1215799;47.59092;Szárföld;Fő utca 16.;
20.5723937;46.854793;Szarvas;Csabai út 1/2.;
20.5601435;46.8608365;Szarvas;Dózsa György utca 42.;
20.5478344;46.8650945;Szarvas;Vasút utca 42.;
18.376793;46.2710321;Szászvár;Bánya utca 1-3.;
22.6264254;48.0857913;Szatmárcseke;Kölcsey utca 59-1.;
18.9017858;47.3175901;Százhalombatta;Berzsenyi Dániel utca 2.;
18.9075313;47.3177723;Százhalombatta;Damjanich utca 23.;
19.52238275064795;48.0822245;Szécsény;Rákóczi út 76.;
17.2787866;46.6326683;Szegerdő;Liget utca 7.;
21.1638475;47.0284586;Szeghalom;Petőfi utca 56.;
NaN;NaN;Szekszárd;Arany János utca 17-21. földszint 2. ajtó;
18.70106370422424;46.3345477;Szekszárd;Béri Balogh Ádám utca 94/b.;
18.7116993;46.3491408;Szekszárd;Pollack Mihály utca 2-4.;
NaN;NaN;Szekszárd;Rákóczi út 25.;
20.728634;48.4075031;Szendrő;Hősök tere 12.;
17.6749294;46.911448;Szentantalfa;Fő utca 70.;
19.0794839;47.6797731;Szentendre;Ady Endre út 24.;
19.0760248;47.665249;Szentendre;Kossuth Lajos utca 13.;
19.075063;47.6619491;Szentendre;Vasúti Villasor 5.;
20.2385215;46.6645845;Szentes;Csongrádi út 6.;
20.2753418;46.6569379;Szentes;Szarvasi út 10/A.;
20.2753418;46.6569379;Szentes;Szarvasi út 3.;
16.2743787;46.9568882;Szentgotthárd;Füzesi út 6.;
21.1464221;47.2335964;Szerep;Nagy utca 44.;
18.9851684;47.3177878;Szigethalom;Csillag utca 13.;
19.0029081;47.3321373;Szigethalom;Mű út 199.;
18.9981387;47.3247943;Szigethalom;Szabadkai utca 260.;
19.104373190973973;47.6902815;Szigetmonostor;Deák Ferenc utca 16.;
19.0042565;47.3345579;Szigetszentmiklós;Gyári út 2.;
19.0330138;47.3402416;Szigetszentmiklós;Szent Miklós útja 25.;
NaN;NaN;Szigetszentmiklós;II. Rákóczi Ferenc utca 40. B. ép.;
17.786;46.054;Szigetvár;Szent István lakótelep 1.;
20.9237146;48.1873015;szikszó;miskolci út;
17.2491074;47.5464461;Szilsárkány;Fő utca 91.;
NaN;NaN;Szilvásvárad;Hrsz. 590/2/A.;
19.5334969;47.8272913;Szirák;Petőfi út 102.;
NaN;NaN;Szirmabesenyő;Kossuth Lajos tér 17. A-1.;
20.6765;48.5216;Szögliget;Kossuth Lajos utca 61.;
NaN;NaN;Szuha;Kossuth út 237.;
NaN;NaN;Szuhakálló;Névtelen utca 120/2. Hrsz.;
18.0230485;46.7264026;Tab;Kossuth Lajos utca 13.;
18.032953;46.7294485;Tab;Kossuth Lajos utca 96.;
17.5695451;46.9786626;Taliándörögd;Kossuth utca 46;
19.94795;47.33685;Tápiógyörgye;Táncsics Mihály utca 2.;
16.990275;46.605388;tápiószecső;dozsa györgy utca;
NaN;NaN;Tápiószentmárton;Béke tér 12.;
17.4463077;46.8846625;Tapolca;Bem Apó utca 11.;
NaN;NaN;Tapolca;Stadion utca 1929/38. Hrsz.;
17.3322641;46.4574526;Tapsony;Széchenyi tér 14.;
17.8488214;47.4947714;Tápszentmiklós;Fő utca 56;
21.3390879;48.1363831;Tarcal;Fő utca 76.;
17.7861088;47.5059955;Tarjánpuszta;Wesselényi út 4/A.;
17.993844;47.5879197;Tárkány;Petőfi Sándor utca 13.;
NaN;NaN;Tarnaméra;Gyöngyösi utca 4/A.;
NaN;NaN;Tarnaörs;Vak Bottyán utca 29.;
NaN;NaN;Taszár;Tiszti lakótelep 128/22 hrsz.;
18.379494;47.6666139;Tata;Agostyáni utca 78-4.;
NaN;NaN;Tata;Keszthelyi HRSZ. 1440/09.;
18.3170517;47.6610257;Tata;Mikovényi utca 3/A.;
NaN;NaN;Tata;Piac tér 3.;
20.3402203;47.6528614;Tenk;Fő út 55.;
17.503544775986562;47.5190828;Tét;Kisfaludy utca 1.;
21.238216;48.0319093;Tiszadada;Kossuth tér 2.;
20.6359331;47.5130834;Tiszaderzs;Jókai Mór út 8.;
NaN;NaN;Tiszafüred;Fő utca 1230 HRSZ.;
20.760277;47.6160372;Tiszafüred;Piac tér 1.;
NaN;NaN;Tiszagyenda;Ady Endre utca 1/A.;
NaN;NaN;Tiszakanyár;Dombrádi út 6.;
20.1063929;46.9340419;Tiszakécske;Bedő István utca 2.;
20.0924648;46.9455519;Tiszakécske;Vincze János Nándor utca 3.;
20.085547;46.9326284;Tiszakécske;Kőrösi utca 14.;
NaN;NaN;Tiszalúc;HRSZ. 815/1.;
20.8193863;47.5097199;Tiszaörs;Rákóczi Ferenc út 26.;
20.0814;46.8227;Tiszasas;Fő út 70.;
NaN;NaN;Tiszaszentmárton;Damjanich utca 57.;
21.0447;47.933298;Tiszaújváros;Lévai József utca 116.;
21.3556358;47.9548115;Tiszavasvári;Adria utca 30/B.;
21.3653131;47.9570108;Tiszavasvári;Hősök utca 2-1.;
NaN;NaN;Tisztaberek;Fő út 36.;
NaN;NaN;Tokaj;Bajcsy-Zsilinszky Endre utca 23.;
18.6541811;47.7186948;Tokod;Széchenyi utca 2.;
18.6810981;47.7341616;Tokodaltáró;József Attila utca 31/A.;
18.9742396;47.3138806;Tököl;Állomás utca 5/A.;
NaN;NaN;Tököl;Kölcsey Ferenc utca 1938/4 hrsz.;
21.4498523;48.2832549;Tolcsva;Szabadság tér 5.;
19.1097752;47.9304738;Tolmács;Szent Lőrinc út 88/1.;
18.4874668;46.7215315;Tolnanémedi;Kossuth Lajos utca 82.;
20.0441721;46.6140664;Tömörkény;Kossuth Lajos utca 111.;
19.5307844;46.2071182;Tompa;Szentháromság tér 1.;
18.7498233;47.3434923;Tordas;Szabadság út 48.;
20.784697;48.563111;Tornanádaska;Kossuth Lajos út 15.;
18.9091795;47.4471105;Törökbálint;Bajcsy-Zsilinszky utca 75/B.;
18.91564;47.43493;Törökbálint;Baross utca 27.;
18.9257285;47.4449418;Törökbálint;Bornemissza Gergely utca 1.;
18.0547065;46.6017214;Törökkoppány;Kossuth Lajos utca 33.;
19.9319;47.1247;Törtel;Ceglédi út 25.;
20.1398532;47.0981133;Tószeg;Attila út 13/A.;
20.7300865;46.4088426;Tótkomlós;Kossuth utca 27;
17.7905334;47.0044741;Tótvázsony;Magyar utca 12/a;
18.2305483;45.9049511;Túrony;Kossuth Lajos utca 106.;
22.12251;48.3456607;Tuzsér;Rákóczi utca 64.;
22.548965;47.8469061;Tyukod;Árpád utca 18.;
17.599234;47.3207681;Ugod;Kossuth Lajos utca 37.;
21.6986422;47.8246274;Újfehértó;Nyíregyházi út 1.;
19.3941723;47.2130295;Újhartyán;Hunyadi János utca 39.;
22.2237111;48.2548246;Újkenéz;Petőfi Sándor utca 62.;
21.0230394;46.5989573;Újkígyós;Iskola utca 5/4.;
21.8759676;47.4591276;Újléta;Petőfi utca 43.;
18.362939;45.9370998;Újpetre;Kossuth Lajos utca 28/1.;
17.2008819;47.8103001;Újrónafő;Fő utca 15.;
20.0682456;47.2880404;Újszász;Dózsa György út 42.;
18.3248077;47.1244082;Úrhida;Kossuth utca 79.;
NaN;NaN;Úri;Kossuth utca 19.;
19.013717;47.5985426;Üröm;Fő utca 41.;
19.0031475;47.5845592;Üröm;Ürömi út 14.;
19.14368;47.760983;Vác;Bolgár utca 8/A.;
NaN;NaN;Vác;Deákvári főtér 83/3. hrsz.;
19.133289956456494;47.77444075;Vác;Földváry tér 6.;
21.6534528;48.3204832;Vajdácska;Fő utca 79.;
19.7565354;46.8152221;Városföld;Fő utca 12.;
18.1482327;47.2003208;Várpalota;Fehérvári út 19.;
NaN;NaN;Várpalota;Szent István út 8.;
17.2979372;46.8631556;Várvölgy;Kossuth Lajos utca 52.;
22.30633336834828;48.130164;Vásárosnamény;Árpád út 7.;
16.4477678;47.1936022;Vaskeresztes;Fő utca 54.;
16.79980909145647;47.0494252;Vasvár;Március 15. tér 3-4.;
17.5050363;47.4016867;Vaszar;Vasút utca 28.;
20.1685741;47.8064135;Vécs;Kossuth Lajos út 41.;
19.254071;47.416578;Vecsés;Fő út;
19.2751;47.4098;Vecsés;Fő út 104-106.;
NaN;NaN;Vecsés;Széchenyi utca 2.;
NaN;NaN;Vecsés;Fő utca 244.;
NaN;NaN;Vecsés;Lőrinci út 45. E/19. épület;
19.23688;47.42243;Vecsés;Üllői út 829.;
16.7216728;47.2331352;Vép;Bartók Béla utca 44.;
NaN;NaN;Vereb;Petőfi út 10/1.;
19.5466491;47.7226329;Verseg;Templom tér 15.;
17.8212744;47.4392634;Veszprémvarsány;Rákóczi utca 2.;
NaN;NaN;Visonta;Hősök tere 7/A.;
NaN;NaN;Viss;Kossuth utca 14.;
17.1067121;46.726391;Zalaapáti;Deák Ferenc utca 139/A.;
16.5514132;46.705607;Zalabaksa;Rákóczi út 32.;
17.1005221;46.8059971;Zalacsány;Ady Endre utca 24.;
NaN;NaN;Zalahaláp;Ady Endre utca 6.;
17.1122098;46.6438055;Zalaszabar;Deák Ferenc utca 46.;
17.0807212;46.9412248;Zalaszentgrót;Batthyány Lajos utca 17/A.;
17.0807212;46.9412248;Zalaszentgrót;Batthyány Lajos utca 4.;
NaN;NaN;Zalaszentgrót;Kinizsi tér 5. 402/1/A/1.;
17.1588922;46.6678089;Zalavár;József Attila utca 38.;
17.9449597;46.8812831;Zamárdi;Kossuth Lajos utca 2.;
22.0700189;48.3621042;Zemplénagárd;Fő utca 103.;
21.4296976;47.1435765;Zsáka;Kossuth utca 4.;
19.6096931;47.5436426;Zsámbok;Szent Imre utca 2/A.;
NaN;NaN;Zsana;I. körzet tanya 113/A.;
17.8213925;46.3058256;Zselicszentpál;Kossuth Lajos utca 18.;
