CL|24:00|23:59|OverflowHour|https://nemzetidohanyboltkereso.hu/trafik/alsoors-endrodi-sandor-u-24-b
CL|24:00|23:59|OverflowHour|https://nemzetidohanyboltkereso.hu/trafik/alsoors-endrodi-sandor-u-24-b
CL|24:00|23:59|OverflowHour|https://nemzetidohanyboltkereso.hu/trafik/alsoors-endrodi-sandor-u-24-b
CL|24:00|23:59|OverflowHour|https://nemzetidohanyboltkereso.hu/trafik/alsoors-endrodi-sandor-u-24-b
CL|24:00|23:59|OverflowHour|https://nemzetidohanyboltkereso.hu/trafik/alsoors-endrodi-sandor-u-24-b
CL|24:00|23:59|OverflowHour|https://nemzetidohanyboltkereso.hu/trafik/alsoors-endrodi-sandor-u-24-b
CL|24:00|23:59|OverflowHour|https://nemzetidohanyboltkereso.hu/trafik/alsoors-endrodi-sandor-u-24-b
CL|24:00|23:59|OverflowHour|https://nemzetidohanyboltkereso.hu/trafik/balassagyarmat-szabo-lorinc-ut-3
CL|24:00|23:59|OverflowHour|https://nemzetidohanyboltkereso.hu/trafik/balassagyarmat-szabo-lorinc-ut-3
CL|00:00|00:00|SingleTag|https://nemzetidohanyboltkereso.hu/trafik/balatonfured-koztarsasag-u-2c
CL|00:00|00:00|SingleTag|https://nemzetidohanyboltkereso.hu/trafik/balatonfured-koztarsasag-u-2c
CL|24:00|23:59|OverflowHour|https://nemzetidohanyboltkereso.hu/trafik/bekes-kossuth-ut-1
CL|24:00|23:59|OverflowHour|https://nemzetidohanyboltkereso.hu/trafik/bekescsaba-andrassy-ut-19
CL|24:00|23:59|OverflowHour|https://nemzetidohanyboltkereso.hu/trafik/bekescsaba-andrassy-ut-19
CL|3:00|23:59|OverflowHour|https://nemzetidohanyboltkereso.hu/trafik/bekescsaba-munkacsy-utca-15-17
CL|3:00|23:59|OverflowHour|https://nemzetidohanyboltkereso.hu/trafik/bekescsaba-munkacsy-utca-15-17
OP|0:06|06:00|SingleTag|https://nemzetidohanyboltkereso.hu/trafik/bolcske-templom-ter-2
CL|0:18|18:00|SingleTag|https://nemzetidohanyboltkereso.hu/trafik/bolcske-templom-ter-2
OP|0:06|06:00|SingleTag|https://nemzetidohanyboltkereso.hu/trafik/bolcske-templom-ter-2
CL|0:18|18:00|SingleTag|https://nemzetidohanyboltkereso.hu/trafik/bolcske-templom-ter-2
OP|0:06|06:00|SingleTag|https://nemzetidohanyboltkereso.hu/trafik/bolcske-templom-ter-2
CL|0:18|18:00|SingleTag|https://nemzetidohanyboltkereso.hu/trafik/bolcske-templom-ter-2
OP|0:06|06:00|SingleTag|https://nemzetidohanyboltkereso.hu/trafik/bolcske-templom-ter-2
CL|0:18|18:00|SingleTag|https://nemzetidohanyboltkereso.hu/trafik/bolcske-templom-ter-2
OP|0:06|06:00|SingleTag|https://nemzetidohanyboltkereso.hu/trafik/bolcske-templom-ter-2
CL|0:18|18:00|SingleTag|https://nemzetidohanyboltkereso.hu/trafik/bolcske-templom-ter-2
OP|0:06|06:00|SingleTag|https://nemzetidohanyboltkereso.hu/trafik/bolcske-templom-ter-2
CL|0:23|23:00|SingleTag|https://nemzetidohanyboltkereso.hu/trafik/bolcske-templom-ter-2
OP|0:07|07:00|SingleTag|https://nemzetidohanyboltkereso.hu/trafik/bolcske-templom-ter-2
CL|0:10|10:00|SingleTag|https://nemzetidohanyboltkereso.hu/trafik/bolcske-templom-ter-2
CL|24:01|23:59|OverflowHour|https://nemzetidohanyboltkereso.hu/trafik/budapest-ferihegyi-ut-29
OP|5|05:00|SingleTag|https://nemzetidohanyboltkereso.hu/trafik/budapest-nemes-u-10
CL|18|18:00|SingleTag|https://nemzetidohanyboltkereso.hu/trafik/budapest-nemes-u-10
CL|24:00|23:59|OverflowHour|https://nemzetidohanyboltkereso.hu/trafik/budapest-ulloi-ut-137
CL|24:00|23:59|OverflowHour|https://nemzetidohanyboltkereso.hu/trafik/budapest-ulloi-ut-137
CL|24:00|23:59|OverflowHour|https://nemzetidohanyboltkereso.hu/trafik/budapest-ulloi-ut-137
CL|24:00|23:59|OverflowHour|https://nemzetidohanyboltkereso.hu/trafik/budapest-ulloi-ut-137
CL|24:00|23:59|OverflowHour|https://nemzetidohanyboltkereso.hu/trafik/budapest-ulloi-ut-137
CL|24:00|23:59|OverflowHour|https://nemzetidohanyboltkereso.hu/trafik/budapest-ulloi-ut-137
CL|24:00|23:59|OverflowHour|https://nemzetidohanyboltkereso.hu/trafik/budapest-ulloi-ut-137
CL|24:00|23:59|OverflowHour|https://nemzetidohanyboltkereso.hu/trafik/budapest-szell-kalman-ter-3
CL|24:00|23:59|OverflowHour|https://nemzetidohanyboltkereso.hu/trafik/budapest-szell-kalman-ter-3
CL|24:00|23:59|OverflowHour|https://nemzetidohanyboltkereso.hu/trafik/budapest-szell-kalman-ter-3
CL|24:00|23:59|OverflowHour|https://nemzetidohanyboltkereso.hu/trafik/budapest-szell-kalman-ter-3
CL|24:00|23:59|OverflowHour|https://nemzetidohanyboltkereso.hu/trafik/budapest-szell-kalman-ter-3
CL|24:00|23:59|OverflowHour|https://nemzetidohanyboltkereso.hu/trafik/budapest-szell-kalman-ter-3
CL|24:00|23:59|OverflowHour|https://nemzetidohanyboltkereso.hu/trafik/budapest-szell-kalman-ter-3
CL|24:00|23:59|OverflowHour|https://nemzetidohanyboltkereso.hu/trafik/budapest-kerepesi-ut-5
CL|24:00|23:59|OverflowHour|https://nemzetidohanyboltkereso.hu/trafik/budapest-kerepesi-ut-5
CL|24:00|23:59|OverflowHour|https://nemzetidohanyboltkereso.hu/trafik/budapest-kerepesi-ut-5
CL|24:00|23:59|OverflowHour|https://nemzetidohanyboltkereso.hu/trafik/budapest-kerepesi-ut-5
CL|24:00|23:59|OverflowHour|https://nemzetidohanyboltkereso.hu/trafik/budapest-kerepesi-ut-5
CL|24:07|23:59|OverflowHour|https://nemzetidohanyboltkereso.hu/trafik/budapest-kerepesi-ut-5
CL|24:00|23:59|OverflowHour|https://nemzetidohanyboltkereso.hu/trafik/budapest-kerepesi-ut-5
CL|24:00|23:59|OverflowHour|https://nemzetidohanyboltkereso.hu/trafik/budapest-szell-kalman-ter-3
CL|24:00|23:59|OverflowHour|https://nemzetidohanyboltkereso.hu/trafik/budapest-szell-kalman-ter-3
CL|24:00|23:59|OverflowHour|https://nemzetidohanyboltkereso.hu/trafik/budapest-szell-kalman-ter-3
CL|24:00|23:59|OverflowHour|https://nemzetidohanyboltkereso.hu/trafik/budapest-szell-kalman-ter-3
CL|24:00|23:59|OverflowHour|https://nemzetidohanyboltkereso.hu/trafik/budapest-szell-kalman-ter-3
CL|24:00|23:59|OverflowHour|https://nemzetidohanyboltkereso.hu/trafik/budapest-szell-kalman-ter-3
CL|24:00|23:59|OverflowHour|https://nemzetidohanyboltkereso.hu/trafik/budapest-szell-kalman-ter-3
CL|24:00|23:59|OverflowHour|https://nemzetidohanyboltkereso.hu/trafik/budapest-becsi-ut-53-55
CL|24:00|23:59|OverflowHour|https://nemzetidohanyboltkereso.hu/trafik/budapest-becsi-ut-53-55
CL|24:00|23:59|OverflowHour|https://nemzetidohanyboltkereso.hu/trafik/budapest-becsi-ut-53-55
CL|24:00|23:59|OverflowHour|https://nemzetidohanyboltkereso.hu/trafik/budapest-becsi-ut-53-55
CL|24:00|23:59|OverflowHour|https://nemzetidohanyboltkereso.hu/trafik/budapest-becsi-ut-53-55
CL|24:00|23:59|OverflowHour|https://nemzetidohanyboltkereso.hu/trafik/budapest-becsi-ut-53-55
CL|24:00|23:59|OverflowHour|https://nemzetidohanyboltkereso.hu/trafik/budapest-becsi-ut-53-55
CL|24:00|23:59|OverflowHour|https://nemzetidohanyboltkereso.hu/trafik/budapest-becsi-ut-56
CL|24:00|23:59|OverflowHour|https://nemzetidohanyboltkereso.hu/trafik/budapest-becsi-ut-56
CL|24:00|23:59|OverflowHour|https://nemzetidohanyboltkereso.hu/trafik/budapest-becsi-ut-56
CL|24:00|23:59|OverflowHour|https://nemzetidohanyboltkereso.hu/trafik/budapest-becsi-ut-56
CL|24:00|23:59|OverflowHour|https://nemzetidohanyboltkereso.hu/trafik/budapest-becsi-ut-56
CL|24:00|23:59|OverflowHour|https://nemzetidohanyboltkereso.hu/trafik/budapest-becsi-ut-56
CL|24:00|23:59|OverflowHour|https://nemzetidohanyboltkereso.hu/trafik/budapest-becsi-ut-56
CL|24:00|23:59|OverflowHour|https://nemzetidohanyboltkereso.hu/trafik/budapest-arpad-ut-95
CL|24:00|23:59|OverflowHour|https://nemzetidohanyboltkereso.hu/trafik/budapest-arpad-ut-95
CL|24:00|23:59|OverflowHour|https://nemzetidohanyboltkereso.hu/trafik/budapest-arpad-ut-95
CL|24:00|23:59|OverflowHour|https://nemzetidohanyboltkereso.hu/trafik/budapest-arpad-ut-95
CL|24:00|23:59|OverflowHour|https://nemzetidohanyboltkereso.hu/trafik/budapest-arpad-ut-95
CL|24:00|23:59|OverflowHour|https://nemzetidohanyboltkereso.hu/trafik/budapest-arpad-ut-95
CL|24:00|23:59|OverflowHour|https://nemzetidohanyboltkereso.hu/trafik/budapest-arpad-ut-95
CL|24:00|23:59|OverflowHour|https://nemzetidohanyboltkereso.hu/trafik/budapest-berda-jozsef-utca-50-54
CL|24:00|23:59|OverflowHour|https://nemzetidohanyboltkereso.hu/trafik/budapest-berda-jozsef-utca-50-54
CL|24:00|23:59|OverflowHour|https://nemzetidohanyboltkereso.hu/trafik/budapest-berda-jozsef-utca-50-54
CL|24:00|23:59|OverflowHour|https://nemzetidohanyboltkereso.hu/trafik/budapest-berda-jozsef-utca-50-54
CL|24:00|23:59|OverflowHour|https://nemzetidohanyboltkereso.hu/trafik/budapest-berda-jozsef-utca-50-54
CL|24:00|23:59|OverflowHour|https://nemzetidohanyboltkereso.hu/trafik/budapest-berda-jozsef-utca-50-54
CL|24:00|23:59|OverflowHour|https://nemzetidohanyboltkereso.hu/trafik/budapest-berda-jozsef-utca-50-54
CL|24:00|23:59|OverflowHour|https://nemzetidohanyboltkereso.hu/trafik/budapest-ulloi-ut-137
CL|24:00|23:59|OverflowHour|https://nemzetidohanyboltkereso.hu/trafik/budapest-ulloi-ut-137
CL|24:00|23:59|OverflowHour|https://nemzetidohanyboltkereso.hu/trafik/budapest-ulloi-ut-137
CL|24:00|23:59|OverflowHour|https://nemzetidohanyboltkereso.hu/trafik/budapest-ulloi-ut-137
CL|24:00|23:59|OverflowHour|https://nemzetidohanyboltkereso.hu/trafik/budapest-ulloi-ut-137
CL|24:00|23:59|OverflowHour|https://nemzetidohanyboltkereso.hu/trafik/budapest-ulloi-ut-137
CL|24:00|23:59|OverflowHour|https://nemzetidohanyboltkereso.hu/trafik/budapest-ulloi-ut-137
CL|0:00|00:00|SingleTag|https://nemzetidohanyboltkereso.hu/trafik/budapest-ferenc-korut-34
CL|0:00|00:00|SingleTag|https://nemzetidohanyboltkereso.hu/trafik/budapest-ferenc-korut-34
CL|0:00|00:00|SingleTag|https://nemzetidohanyboltkereso.hu/trafik/budapest-ferenc-krt-27
CL|0:00|00:00|SingleTag|https://nemzetidohanyboltkereso.hu/trafik/budapest-ferenc-krt-27
CL|0:00|00:00|SingleTag|https://nemzetidohanyboltkereso.hu/trafik/budapest-haller-u-56
CL|0:00|00:00|SingleTag|https://nemzetidohanyboltkereso.hu/trafik/budapest-haller-u-56
CL|0:00|00:00|SingleTag|https://nemzetidohanyboltkereso.hu/trafik/budapest-haller-u-56
CL|0:00|00:00|SingleTag|https://nemzetidohanyboltkereso.hu/trafik/budapest-haller-u-56
CL|0:00|00:00|SingleTag|https://nemzetidohanyboltkereso.hu/trafik/budapest-haller-u-56
CL|0:00|00:00|SingleTag|https://nemzetidohanyboltkereso.hu/trafik/budapest-haller-u-56
CL|0:00|00:00|SingleTag|https://nemzetidohanyboltkereso.hu/trafik/budapest-haller-u-56
CL|24:00|23:59|OverflowHour|https://nemzetidohanyboltkereso.hu/trafik/budapest-hercegprimas-u-2
CL|24:00|23:59|OverflowHour|https://nemzetidohanyboltkereso.hu/trafik/budapest-hercegprimas-u-2
CL|24:00|23:59|OverflowHour|https://nemzetidohanyboltkereso.hu/trafik/budapest-hercegprimas-u-2
CL|24:00|23:59|OverflowHour|https://nemzetidohanyboltkereso.hu/trafik/budapest-hercegprimas-u-2
CL|24:00|23:59|OverflowHour|https://nemzetidohanyboltkereso.hu/trafik/budapest-hercegprimas-u-2
CL|24:00|23:59|OverflowHour|https://nemzetidohanyboltkereso.hu/trafik/budapest-hercegprimas-u-2
CL|24:00|23:59|OverflowHour|https://nemzetidohanyboltkereso.hu/trafik/budapest-hercegprimas-u-2
CL|24:00|23:59|OverflowHour|https://nemzetidohanyboltkereso.hu/trafik/budapest-zichy-jeno-utca-1
CL|24:00|23:59|OverflowHour|https://nemzetidohanyboltkereso.hu/trafik/budapest-zichy-jeno-utca-1
CL|24:00|23:59|OverflowHour|https://nemzetidohanyboltkereso.hu/trafik/budapest-zichy-jeno-utca-1
CL|24:00|23:59|OverflowHour|https://nemzetidohanyboltkereso.hu/trafik/budapest-zichy-jeno-utca-1
CL|24:00|23:59|OverflowHour|https://nemzetidohanyboltkereso.hu/trafik/budapest-zichy-jeno-utca-1
CL|24:00|23:59|OverflowHour|https://nemzetidohanyboltkereso.hu/trafik/budapest-zichy-jeno-utca-1
CL|24:00|23:59|OverflowHour|https://nemzetidohanyboltkereso.hu/trafik/budapest-zichy-jeno-utca-1
CL|4:00|23:59|OverflowHour|https://nemzetidohanyboltkereso.hu/trafik/budapest-hegedu-u-3
CL|4:00|23:59|OverflowHour|https://nemzetidohanyboltkereso.hu/trafik/budapest-hegedu-u-3
CL|4:00|23:59|OverflowHour|https://nemzetidohanyboltkereso.hu/trafik/budapest-hegedu-u-3
CL|24:00|23:59|OverflowHour|https://nemzetidohanyboltkereso.hu/trafik/budapest-podmaniczky-utca-1-3
CL|24:00|23:59|OverflowHour|https://nemzetidohanyboltkereso.hu/trafik/budapest-podmaniczky-utca-1-3
CL|24:00|23:59|OverflowHour|https://nemzetidohanyboltkereso.hu/trafik/budapest-podmaniczky-utca-1-3
CL|24:00|23:59|OverflowHour|https://nemzetidohanyboltkereso.hu/trafik/budapest-podmaniczky-utca-1-3
CL|24:00|23:59|OverflowHour|https://nemzetidohanyboltkereso.hu/trafik/budapest-podmaniczky-utca-1-3
CL|24:00|23:59|OverflowHour|https://nemzetidohanyboltkereso.hu/trafik/budapest-podmaniczky-utca-1-3
CL|24:00|23:59|OverflowHour|https://nemzetidohanyboltkereso.hu/trafik/budapest-podmaniczky-utca-1-3
CL|24:00|23:59|OverflowHour|https://nemzetidohanyboltkereso.hu/trafik/budapest-szondi-utca-44-a
CL|24:00|23:59|OverflowHour|https://nemzetidohanyboltkereso.hu/trafik/budapest-szondi-utca-44-a
CL|24:00|23:59|OverflowHour|https://nemzetidohanyboltkereso.hu/trafik/budapest-szondi-utca-44-a
CL|24:00|23:59|OverflowHour|https://nemzetidohanyboltkereso.hu/trafik/budapest-szondi-utca-44-a
CL|24:00|23:59|OverflowHour|https://nemzetidohanyboltkereso.hu/trafik/budapest-szondi-utca-44-a
CL|24:00|23:59|OverflowHour|https://nemzetidohanyboltkereso.hu/trafik/budapest-szondi-utca-44-a
CL|24:00|23:59|OverflowHour|https://nemzetidohanyboltkereso.hu/trafik/budapest-szondi-utca-44-a
CL|24:00|23:59|OverflowHour|https://nemzetidohanyboltkereso.hu/trafik/budapest-jokai-ter-8
CL|24:00|23:59|OverflowHour|https://nemzetidohanyboltkereso.hu/trafik/budapest-jokai-ter-8
CL|24:00|23:59|OverflowHour|https://nemzetidohanyboltkereso.hu/trafik/budapest-jokai-ter-8
CL|24:00|23:59|OverflowHour|https://nemzetidohanyboltkereso.hu/trafik/budapest-jokai-ter-8
CL|24:00|23:59|OverflowHour|https://nemzetidohanyboltkereso.hu/trafik/budapest-jokai-ter-8
CL|24:00|23:59|OverflowHour|https://nemzetidohanyboltkereso.hu/trafik/budapest-jokai-ter-8
CL|24:00|23:59|OverflowHour|https://nemzetidohanyboltkereso.hu/trafik/budapest-jokai-ter-8
CL|0:00|00:00|SingleTag|https://nemzetidohanyboltkereso.hu/trafik/budapest-dob-u-68
CL|0:00|00:00|SingleTag|https://nemzetidohanyboltkereso.hu/trafik/budapest-dob-u-68
CL|0:00|00:00|SingleTag|https://nemzetidohanyboltkereso.hu/trafik/budapest-dob-u-68
CL|0:00|00:00|SingleTag|https://nemzetidohanyboltkereso.hu/trafik/budapest-dob-u-68
CL|0:00|00:00|SingleTag|https://nemzetidohanyboltkereso.hu/trafik/budapest-dob-u-68
CL|0:00|00:00|SingleTag|https://nemzetidohanyboltkereso.hu/trafik/budapest-dob-u-68
CL|3:00|23:59|OverflowHour|https://nemzetidohanyboltkereso.hu/trafik/budapest-erzsebet-krt-14
CL|3:00|23:59|OverflowHour|https://nemzetidohanyboltkereso.hu/trafik/budapest-erzsebet-krt-14
CL|3:00|23:59|OverflowHour|https://nemzetidohanyboltkereso.hu/trafik/budapest-erzsebet-krt-14
CL|3:00|23:59|OverflowHour|https://nemzetidohanyboltkereso.hu/trafik/budapest-erzsebet-krt-14
CL|24:00|23:59|OverflowHour|https://nemzetidohanyboltkereso.hu/trafik/budapest-izabella-utca-34
CL|24:00|23:59|OverflowHour|https://nemzetidohanyboltkereso.hu/trafik/budapest-izabella-utca-34
CL|24:00|23:59|OverflowHour|https://nemzetidohanyboltkereso.hu/trafik/budapest-izabella-utca-34
CL|24:00|23:59|OverflowHour|https://nemzetidohanyboltkereso.hu/trafik/budapest-izabella-utca-34
CL|24:00|23:59|OverflowHour|https://nemzetidohanyboltkereso.hu/trafik/budapest-izabella-utca-34
CL|24:00|23:59|OverflowHour|https://nemzetidohanyboltkereso.hu/trafik/budapest-izabella-utca-34
CL|24:00|23:59|OverflowHour|https://nemzetidohanyboltkereso.hu/trafik/budapest-izabella-utca-34
CL|0:00|00:00|SingleTag|https://nemzetidohanyboltkereso.hu/trafik/budapest-rakoczi-ut-20
CL|0:00|00:00|SingleTag|https://nemzetidohanyboltkereso.hu/trafik/budapest-rakoczi-ut-20
CL|0:00|00:00|SingleTag|https://nemzetidohanyboltkereso.hu/trafik/budapest-rakoczi-ut-20
CL|0:00|00:00|SingleTag|https://nemzetidohanyboltkereso.hu/trafik/budapest-rakoczi-ut-20
CL|0:00|00:00|SingleTag|https://nemzetidohanyboltkereso.hu/trafik/budapest-rakoczi-ut-20
CL|0:00|00:00|SingleTag|https://nemzetidohanyboltkereso.hu/trafik/budapest-rakoczi-ut-20
CL|0:00|00:00|SingleTag|https://nemzetidohanyboltkereso.hu/trafik/budapest-rakoczi-ut-20
CL|24:00|23:59|OverflowHour|https://nemzetidohanyboltkereso.hu/trafik/budapest-rakoczi-ut-6
CL|24:00|23:59|OverflowHour|https://nemzetidohanyboltkereso.hu/trafik/budapest-rakoczi-ut-6
CL|24:00|23:59|OverflowHour|https://nemzetidohanyboltkereso.hu/trafik/budapest-rakoczi-ut-6
CL|24:00|23:59|OverflowHour|https://nemzetidohanyboltkereso.hu/trafik/budapest-rakoczi-ut-6
CL|24:00|23:59|OverflowHour|https://nemzetidohanyboltkereso.hu/trafik/budapest-rakoczi-ut-6
CL|24:00|23:59|OverflowHour|https://nemzetidohanyboltkereso.hu/trafik/budapest-rakoczi-ut-6
CL|24:00|23:59|OverflowHour|https://nemzetidohanyboltkereso.hu/trafik/budapest-rakoczi-ut-6
CL|24:00|23:59|OverflowHour|https://nemzetidohanyboltkereso.hu/trafik/budapest-kerepesi-ut-5
CL|24:00|23:59|OverflowHour|https://nemzetidohanyboltkereso.hu/trafik/budapest-kerepesi-ut-5
CL|24:00|23:59|OverflowHour|https://nemzetidohanyboltkereso.hu/trafik/budapest-kerepesi-ut-5
CL|24:00|23:59|OverflowHour|https://nemzetidohanyboltkereso.hu/trafik/budapest-kerepesi-ut-5
CL|24:00|23:59|OverflowHour|https://nemzetidohanyboltkereso.hu/trafik/budapest-kerepesi-ut-5
CL|24:07|23:59|OverflowHour|https://nemzetidohanyboltkereso.hu/trafik/budapest-kerepesi-ut-5
CL|24:00|23:59|OverflowHour|https://nemzetidohanyboltkereso.hu/trafik/budapest-kerepesi-ut-5
CL|24:00|23:59|OverflowHour|https://nemzetidohanyboltkereso.hu/trafik/budapest-baross-ter-11-a
CL|24:00|23:59|OverflowHour|https://nemzetidohanyboltkereso.hu/trafik/budapest-baross-ter-11-a
CL|24:00|23:59|OverflowHour|https://nemzetidohanyboltkereso.hu/trafik/budapest-baross-ter-11-a
CL|24:00|23:59|OverflowHour|https://nemzetidohanyboltkereso.hu/trafik/budapest-baross-ter-11-a
CL|24:00|23:59|OverflowHour|https://nemzetidohanyboltkereso.hu/trafik/budapest-baross-ter-11-a
CL|24:00|23:59|OverflowHour|https://nemzetidohanyboltkereso.hu/trafik/budapest-baross-ter-11-a
CL|24:00|23:59|OverflowHour|https://nemzetidohanyboltkereso.hu/trafik/budapest-baross-ter-11-a
CL|0:00|00:00|SingleTag|https://nemzetidohanyboltkereso.hu/trafik/budapest-balotoni-ut-756-17
CL|24:00|23:59|OverflowHour|https://nemzetidohanyboltkereso.hu/trafik/budapest-hollan-erno-utca-4
CL|24:00|23:59|OverflowHour|https://nemzetidohanyboltkereso.hu/trafik/budapest-hollan-erno-utca-4
CL|24:00|23:59|OverflowHour|https://nemzetidohanyboltkereso.hu/trafik/budapest-erzsebet-kiralyne-utja-6-a
CL|24:00|23:59|OverflowHour|https://nemzetidohanyboltkereso.hu/trafik/budapest-erzsebet-kiralyne-utja-6-a
CL|24:00|23:59|OverflowHour|https://nemzetidohanyboltkereso.hu/trafik/budapest-erzsebet-kiralyne-utja-6-a
CL|24:00|23:59|OverflowHour|https://nemzetidohanyboltkereso.hu/trafik/budapest-erzsebet-kiralyne-utja-6-a
CL|24:00|23:59|OverflowHour|https://nemzetidohanyboltkereso.hu/trafik/budapest-erzsebet-kiralyne-utja-6-a
CL|24:00|23:59|OverflowHour|https://nemzetidohanyboltkereso.hu/trafik/budapest-erzsebet-kiralyne-utja-6-a
CL|24:00|23:59|OverflowHour|https://nemzetidohanyboltkereso.hu/trafik/budapest-erzsebet-kiralyne-utja-6-a
CL|0:00|00:00|SingleTag|https://nemzetidohanyboltkereso.hu/trafik/budapest-fogarasi-u-56-a
CL|0:00|00:00|SingleTag|https://nemzetidohanyboltkereso.hu/trafik/budapest-jozsef-attila-utca-57-63
CL|0:00|00:00|SingleTag|https://nemzetidohanyboltkereso.hu/trafik/budapest-jozsef-attila-utca-57-63
CL|0:00|00:00|SingleTag|https://nemzetidohanyboltkereso.hu/trafik/budapest-jozsef-attila-utca-57-63
CL|0:00|00:00|SingleTag|https://nemzetidohanyboltkereso.hu/trafik/budapest-jozsef-attila-utca-57-63
CL|0:00|00:00|SingleTag|https://nemzetidohanyboltkereso.hu/trafik/budapest-jozsef-attila-utca-57-63
CL|0:00|00:00|SingleTag|https://nemzetidohanyboltkereso.hu/trafik/budapest-jozsef-attila-utca-57-63
CL|0:00|00:00|SingleTag|https://nemzetidohanyboltkereso.hu/trafik/budapest-jozsef-attila-utca-57-63
CL|24:00|23:59|OverflowHour|https://nemzetidohanyboltkereso.hu/trafik/budapest-erdokerulo-ut-1-7
CL|24:00|23:59|OverflowHour|https://nemzetidohanyboltkereso.hu/trafik/budapest-erdokerulo-ut-1-7
CL|24:00|23:59|OverflowHour|https://nemzetidohanyboltkereso.hu/trafik/budapest-erdokerulo-ut-1-7
CL|24:00|23:59|OverflowHour|https://nemzetidohanyboltkereso.hu/trafik/budapest-erdokerulo-ut-1-7
CL|24:00|23:59|OverflowHour|https://nemzetidohanyboltkereso.hu/trafik/budapest-erdokerulo-ut-1-7
CL|24:00|23:59|OverflowHour|https://nemzetidohanyboltkereso.hu/trafik/budapest-erdokerulo-ut-1-7
CL|24:00|23:59|OverflowHour|https://nemzetidohanyboltkereso.hu/trafik/budapest-erdokerulo-ut-1-7
CL|24:00|23:59|OverflowHour|https://nemzetidohanyboltkereso.hu/trafik/budapest-illyes-gyula-u-12-16
CL|24:00|23:59|OverflowHour|https://nemzetidohanyboltkereso.hu/trafik/budapest-illyes-gyula-u-12-16
CL|24:00|23:59|OverflowHour|https://nemzetidohanyboltkereso.hu/trafik/budapest-illyes-gyula-u-12-16
CL|24:00|23:59|OverflowHour|https://nemzetidohanyboltkereso.hu/trafik/budapest-illyes-gyula-u-12-16
CL|24:00|23:59|OverflowHour|https://nemzetidohanyboltkereso.hu/trafik/budapest-illyes-gyula-u-12-16
CL|24:00|23:59|OverflowHour|https://nemzetidohanyboltkereso.hu/trafik/budapest-illyes-gyula-u-12-16
CL|24:00|23:59|OverflowHour|https://nemzetidohanyboltkereso.hu/trafik/budapest-illyes-gyula-u-12-16
OP|0:07|07:00|SingleTag|https://nemzetidohanyboltkereso.hu/trafik/budapest-gyorgy-u-2
OP|0:07|07:00|SingleTag|https://nemzetidohanyboltkereso.hu/trafik/budapest-gyorgy-u-2
OP|0:07|07:00|SingleTag|https://nemzetidohanyboltkereso.hu/trafik/budapest-gyorgy-u-2
OP|0:07|07:00|SingleTag|https://nemzetidohanyboltkereso.hu/trafik/budapest-gyorgy-u-2
OP|0:07|07:00|SingleTag|https://nemzetidohanyboltkereso.hu/trafik/budapest-gyorgy-u-2
OP|0:08|08:00|SingleTag|https://nemzetidohanyboltkereso.hu/trafik/budapest-gyorgy-u-2
CL|24:00|23:59|OverflowHour|https://nemzetidohanyboltkereso.hu/trafik/budapest-margit-u-102
CL|24:00|23:59|OverflowHour|https://nemzetidohanyboltkereso.hu/trafik/budapest-margit-u-102
CL|24:00|23:59|OverflowHour|https://nemzetidohanyboltkereso.hu/trafik/budapest-margit-u-102
CL|24:00|23:59|OverflowHour|https://nemzetidohanyboltkereso.hu/trafik/budapest-margit-u-102
CL|24:00|23:59|OverflowHour|https://nemzetidohanyboltkereso.hu/trafik/budapest-margit-u-102
CL|24:00|23:59|OverflowHour|https://nemzetidohanyboltkereso.hu/trafik/budapest-margit-u-102
CL|24:00|23:59|OverflowHour|https://nemzetidohanyboltkereso.hu/trafik/budapest-margit-u-102
CL|24:00|23:59|OverflowHour|https://nemzetidohanyboltkereso.hu/trafik/budapest-parta-utca-126
CL|24:00|23:59|OverflowHour|https://nemzetidohanyboltkereso.hu/trafik/budapest-parta-utca-126
CL|24:00|23:59|OverflowHour|https://nemzetidohanyboltkereso.hu/trafik/budapest-parta-utca-126
CL|24:00|23:59|OverflowHour|https://nemzetidohanyboltkereso.hu/trafik/budapest-parta-utca-126
CL|24:00|23:59|OverflowHour|https://nemzetidohanyboltkereso.hu/trafik/budapest-parta-utca-126
CL|24:00|23:59|OverflowHour|https://nemzetidohanyboltkereso.hu/trafik/budapest-parta-utca-126
CL|24:00|23:59|OverflowHour|https://nemzetidohanyboltkereso.hu/trafik/budapest-parta-utca-126
CL|24:00|23:59|OverflowHour|https://nemzetidohanyboltkereso.hu/trafik/budapest-rakosi-u-103
CL|24:00|23:59|OverflowHour|https://nemzetidohanyboltkereso.hu/trafik/budapest-rakosi-u-103
CL|24:00|23:59|OverflowHour|https://nemzetidohanyboltkereso.hu/trafik/budapest-rakosi-u-103
CL|24:00|23:59|OverflowHour|https://nemzetidohanyboltkereso.hu/trafik/budapest-rakosi-u-103
CL|24:00|23:59|OverflowHour|https://nemzetidohanyboltkereso.hu/trafik/budapest-rakosi-u-103
CL|24:00|23:59|OverflowHour|https://nemzetidohanyboltkereso.hu/trafik/budapest-rakosi-u-103
CL|24:00|23:59|OverflowHour|https://nemzetidohanyboltkereso.hu/trafik/budapest-rakosi-u-103
CL|24:01|23:59|OverflowHour|https://nemzetidohanyboltkereso.hu/trafik/budapest-ferihegyi-ut-29
OP|5|05:00|SingleTag|https://nemzetidohanyboltkereso.hu/trafik/budapest-nemes-u-10
CL|18|18:00|SingleTag|https://nemzetidohanyboltkereso.hu/trafik/budapest-nemes-u-10
CL|24:00|23:59|OverflowHour|https://nemzetidohanyboltkereso.hu/trafik/budapest-rakoczi-ut-191
CL|24:00|23:59|OverflowHour|https://nemzetidohanyboltkereso.hu/trafik/budapest-rakoczi-ut-191
CL|24:00|23:59|OverflowHour|https://nemzetidohanyboltkereso.hu/trafik/budapest-rakoczi-ut-191
CL|24:00|23:59|OverflowHour|https://nemzetidohanyboltkereso.hu/trafik/budapest-rakoczi-ut-191
CL|24:00|23:59|OverflowHour|https://nemzetidohanyboltkereso.hu/trafik/budapest-rakoczi-ut-191
CL|24:00|23:59|OverflowHour|https://nemzetidohanyboltkereso.hu/trafik/budapest-rakoczi-ut-191
CL|24:00|23:59|OverflowHour|https://nemzetidohanyboltkereso.hu/trafik/budapest-rakoczi-ut-191
CL|24:00|23:59|OverflowHour|https://nemzetidohanyboltkereso.hu/trafik/budapest-nagytetenyi-ut-136-138
CL|24:00|23:59|OverflowHour|https://nemzetidohanyboltkereso.hu/trafik/budapest-nagytetenyi-ut-136-138
CL|24:00|23:59|OverflowHour|https://nemzetidohanyboltkereso.hu/trafik/budapest-nagytetenyi-ut-136-138
CL|24:00|23:59|OverflowHour|https://nemzetidohanyboltkereso.hu/trafik/budapest-nagytetenyi-ut-136-138
CL|24:00|23:59|OverflowHour|https://nemzetidohanyboltkereso.hu/trafik/budapest-nagytetenyi-ut-136-138
CL|24:00|23:59|OverflowHour|https://nemzetidohanyboltkereso.hu/trafik/budapest-nagytetenyi-ut-136-138
CL|24:00|23:59|OverflowHour|https://nemzetidohanyboltkereso.hu/trafik/budapest-nagytetenyi-ut-136-138
CL|24:00|23:59|OverflowHour|https://nemzetidohanyboltkereso.hu/trafik/cece-kossuth-l-u-1
CL|24:00|23:59|OverflowHour|https://nemzetidohanyboltkereso.hu/trafik/cece-kossuth-l-u-1
CL|0:00|00:00|SingleTag|https://nemzetidohanyboltkereso.hu/trafik/cirak-csapodi-utca-2
CL|0:00|00:00|SingleTag|https://nemzetidohanyboltkereso.hu/trafik/cirak-csapodi-utca-2
OP|07|07:00|SingleTag|https://nemzetidohanyboltkereso.hu/trafik/csem-beke-ut-67
CL|24:00|23:59|OverflowHour|https://nemzetidohanyboltkereso.hu/trafik/debrecen-csapo-utca-15
CL|24:00|23:59|OverflowHour|https://nemzetidohanyboltkereso.hu/trafik/debrecen-csapo-utca-15
CL|24:00|23:59|OverflowHour|https://nemzetidohanyboltkereso.hu/trafik/debrecen-csapo-utca-15
CL|0:00|00:00|SingleTag|https://nemzetidohanyboltkereso.hu/trafik/debrecen-arpad-ter-19
CL|0:00|00:00|SingleTag|https://nemzetidohanyboltkereso.hu/trafik/debrecen-arpad-ter-19
CL|24:00|23:59|OverflowHour|https://nemzetidohanyboltkereso.hu/trafik/debrecen-furedi-utca-27
CL|24:00|23:59|OverflowHour|https://nemzetidohanyboltkereso.hu/trafik/debrecen-furedi-utca-27
CL|24:00|23:59|OverflowHour|https://nemzetidohanyboltkereso.hu/trafik/debrecen-furedi-utca-27
CL|24:00|23:59|OverflowHour|https://nemzetidohanyboltkereso.hu/trafik/debrecen-furedi-utca-27
CL|24:00|23:59|OverflowHour|https://nemzetidohanyboltkereso.hu/trafik/debrecen-furedi-utca-27
CL|24:00|23:59|OverflowHour|https://nemzetidohanyboltkereso.hu/trafik/debrecen-furedi-utca-27
CL|24:00|23:59|OverflowHour|https://nemzetidohanyboltkereso.hu/trafik/debrecen-furedi-utca-27
CL|24:00|23:59|OverflowHour|https://nemzetidohanyboltkereso.hu/trafik/dunaharaszti-fo-ut-102
CL|24:00|23:59|OverflowHour|https://nemzetidohanyboltkereso.hu/trafik/dunaharaszti-fo-ut-102
CL|24:00|23:59|OverflowHour|https://nemzetidohanyboltkereso.hu/trafik/dunaharaszti-fo-ut-102
CL|24:00|23:59|OverflowHour|https://nemzetidohanyboltkereso.hu/trafik/dunaharaszti-fo-ut-102
CL|24:00|23:59|OverflowHour|https://nemzetidohanyboltkereso.hu/trafik/dunaharaszti-fo-ut-102
CL|24:00|23:59|OverflowHour|https://nemzetidohanyboltkereso.hu/trafik/dunaharaszti-fo-ut-102
CL|24:00|23:59|OverflowHour|https://nemzetidohanyboltkereso.hu/trafik/dunaharaszti-fo-ut-102
CL|24:00|23:59|OverflowHour|https://nemzetidohanyboltkereso.hu/trafik/eger-matyas-kiraly-utca-2
CL|24:00|23:59|OverflowHour|https://nemzetidohanyboltkereso.hu/trafik/eger-matyas-kiraly-utca-2
CL|24:00|23:59|OverflowHour|https://nemzetidohanyboltkereso.hu/trafik/eger-matyas-kiraly-utca-2
CL|24:00|23:59|OverflowHour|https://nemzetidohanyboltkereso.hu/trafik/eger-matyas-kiraly-utca-2
CL|24:00|23:59|OverflowHour|https://nemzetidohanyboltkereso.hu/trafik/eger-matyas-kiraly-utca-2
CL|24:00|23:59|OverflowHour|https://nemzetidohanyboltkereso.hu/trafik/eger-matyas-kiraly-utca-2
CL|24:00|23:59|OverflowHour|https://nemzetidohanyboltkereso.hu/trafik/eger-matyas-kiraly-utca-2
CL|24:00|23:59|OverflowHour|https://nemzetidohanyboltkereso.hu/trafik/erd-szovatai-ut-89
CL|24:00|23:59|OverflowHour|https://nemzetidohanyboltkereso.hu/trafik/erd-szovatai-ut-89
CL|24.00|23:59|OverflowHour|https://nemzetidohanyboltkereso.hu/trafik/erd-szovatai-ut-89
CL|24:00|23:59|OverflowHour|https://nemzetidohanyboltkereso.hu/trafik/erd-szovatai-ut-89
CL|24.00|23:59|OverflowHour|https://nemzetidohanyboltkereso.hu/trafik/erd-szovatai-ut-89
CL|24.00|23:59|OverflowHour|https://nemzetidohanyboltkereso.hu/trafik/erd-szovatai-ut-89
CL|24:00|23:59|OverflowHour|https://nemzetidohanyboltkereso.hu/trafik/erd-szovatai-ut-89
CL|24:00|23:59|OverflowHour|https://nemzetidohanyboltkereso.hu/trafik/erd-iparos-u-42
CL|24:00|23:59|OverflowHour|https://nemzetidohanyboltkereso.hu/trafik/erd-iparos-u-42
CL|24:00|23:59|OverflowHour|https://nemzetidohanyboltkereso.hu/trafik/erd-iparos-u-42
CL|24:00|23:59|OverflowHour|https://nemzetidohanyboltkereso.hu/trafik/erd-iparos-u-42
CL|24:00|23:59|OverflowHour|https://nemzetidohanyboltkereso.hu/trafik/esztergom-galagonyas-4
CL|24:00|23:59|OverflowHour|https://nemzetidohanyboltkereso.hu/trafik/esztergom-galagonyas-4
CL|24:00|23:59|OverflowHour|https://nemzetidohanyboltkereso.hu/trafik/esztergom-galagonyas-4
CL|24:00|23:59|OverflowHour|https://nemzetidohanyboltkereso.hu/trafik/esztergom-galagonyas-4
CL|24:00|23:59|OverflowHour|https://nemzetidohanyboltkereso.hu/trafik/esztergom-galagonyas-4
CL|24:00|23:59|OverflowHour|https://nemzetidohanyboltkereso.hu/trafik/esztergom-galagonyas-4
CL|24:00|23:59|OverflowHour|https://nemzetidohanyboltkereso.hu/trafik/esztergom-galagonyas-4
CL|24:00|23:59|OverflowHour|https://nemzetidohanyboltkereso.hu/trafik/fot-nemeth-k-utca-41
CL|24:00|23:59|OverflowHour|https://nemzetidohanyboltkereso.hu/trafik/fot-nemeth-k-utca-41
CL|24:00|23:59|OverflowHour|https://nemzetidohanyboltkereso.hu/trafik/fot-nemeth-k-utca-41
CL|24:00|23:59|OverflowHour|https://nemzetidohanyboltkereso.hu/trafik/fot-nemeth-k-utca-41
CL|24:00|23:59|OverflowHour|https://nemzetidohanyboltkereso.hu/trafik/fot-nemeth-k-utca-41
CL|24:00|23:59|OverflowHour|https://nemzetidohanyboltkereso.hu/trafik/fot-nemeth-k-utca-41
CL|24:00|23:59|OverflowHour|https://nemzetidohanyboltkereso.hu/trafik/fot-nemeth-k-utca-41
CL|24:00|23:59|OverflowHour|https://nemzetidohanyboltkereso.hu/trafik/godollo-szolo-utca-10
CL|24:00|23:59|OverflowHour|https://nemzetidohanyboltkereso.hu/trafik/godollo-szolo-utca-10
CL|24:00|23:59|OverflowHour|https://nemzetidohanyboltkereso.hu/trafik/godollo-szolo-utca-10
CL|24:00|23:59|OverflowHour|https://nemzetidohanyboltkereso.hu/trafik/godollo-szolo-utca-10
CL|24:00|23:59|OverflowHour|https://nemzetidohanyboltkereso.hu/trafik/godollo-szolo-utca-10
CL|24:00|23:59|OverflowHour|https://nemzetidohanyboltkereso.hu/trafik/godollo-szolo-utca-10
CL|24:00|23:59|OverflowHour|https://nemzetidohanyboltkereso.hu/trafik/godollo-szolo-utca-10
CL|24:00|23:59|OverflowHour|https://nemzetidohanyboltkereso.hu/trafik/gyal-korosi-ut-84-86
CL|24:00|23:59|OverflowHour|https://nemzetidohanyboltkereso.hu/trafik/gyal-korosi-ut-84-86
CL|24:00|23:59|OverflowHour|https://nemzetidohanyboltkereso.hu/trafik/gyal-korosi-ut-84-86
CL|24:00|23:59|OverflowHour|https://nemzetidohanyboltkereso.hu/trafik/gyal-korosi-ut-84-86
CL|24:00|23:59|OverflowHour|https://nemzetidohanyboltkereso.hu/trafik/gyal-korosi-ut-84-86
CL|24:00|23:59|OverflowHour|https://nemzetidohanyboltkereso.hu/trafik/gyal-korosi-ut-84-86
CL|24:00|23:59|OverflowHour|https://nemzetidohanyboltkereso.hu/trafik/gyal-korosi-ut-84-86
OP|0:05|05:00|SingleTag|https://nemzetidohanyboltkereso.hu/trafik/hatvan-kossuth-ter-12
CL|0:19|19:00|SingleTag|https://nemzetidohanyboltkereso.hu/trafik/hatvan-kossuth-ter-12
OP|0:05|05:00|SingleTag|https://nemzetidohanyboltkereso.hu/trafik/hatvan-kossuth-ter-12
CL|0:19|19:00|SingleTag|https://nemzetidohanyboltkereso.hu/trafik/hatvan-kossuth-ter-12
OP|0:05|05:00|SingleTag|https://nemzetidohanyboltkereso.hu/trafik/hatvan-kossuth-ter-12
CL|0:19|19:00|SingleTag|https://nemzetidohanyboltkereso.hu/trafik/hatvan-kossuth-ter-12
OP|0:05|05:00|SingleTag|https://nemzetidohanyboltkereso.hu/trafik/hatvan-kossuth-ter-12
CL|0:19|19:00|SingleTag|https://nemzetidohanyboltkereso.hu/trafik/hatvan-kossuth-ter-12
OP|0:05|05:00|SingleTag|https://nemzetidohanyboltkereso.hu/trafik/hatvan-kossuth-ter-12
CL|0:19|19:00|SingleTag|https://nemzetidohanyboltkereso.hu/trafik/hatvan-kossuth-ter-12
OP|0:05|05:00|SingleTag|https://nemzetidohanyboltkereso.hu/trafik/hatvan-kossuth-ter-12
CL|0:19|19:00|SingleTag|https://nemzetidohanyboltkereso.hu/trafik/hatvan-kossuth-ter-12
OP|0:05|05:00|SingleTag|https://nemzetidohanyboltkereso.hu/trafik/hatvan-kossuth-ter-12
CL|0:19|19:00|SingleTag|https://nemzetidohanyboltkereso.hu/trafik/hatvan-kossuth-ter-12
CL|24:00|23:59|OverflowHour|https://nemzetidohanyboltkereso.hu/trafik/hatvan-szent-mihaly-utca-9-9
CL|24:00|23:59|OverflowHour|https://nemzetidohanyboltkereso.hu/trafik/hatvan-szent-mihaly-utca-9-9
CL|24:00|23:59|OverflowHour|https://nemzetidohanyboltkereso.hu/trafik/het-koztarsasag-ut-17
CL|24:00|23:59|OverflowHour|https://nemzetidohanyboltkereso.hu/trafik/het-koztarsasag-ut-17
CL|0:00|00:00|SingleTag|https://nemzetidohanyboltkereso.hu/trafik/hodmezovasarhely-andrassy-ut-10-12
CL|0:00|00:00|SingleTag|https://nemzetidohanyboltkereso.hu/trafik/hodmezovasarhely-andrassy-ut-10-12
CL|24:00|23:59|OverflowHour|https://nemzetidohanyboltkereso.hu/trafik/hodmezovasarhely-ormos-ede-utca-13
CL|24:00|23:59|OverflowHour|https://nemzetidohanyboltkereso.hu/trafik/hodmezovasarhely-ormos-ede-utca-13
OP|0:06|06:00|SingleTag|https://nemzetidohanyboltkereso.hu/trafik/janossomorja-szabadsag-u-3
CL|0:18|18:00|SingleTag|https://nemzetidohanyboltkereso.hu/trafik/janossomorja-szabadsag-u-3
OP|0:06|06:00|SingleTag|https://nemzetidohanyboltkereso.hu/trafik/janossomorja-szabadsag-u-3
CL|0:18|18:00|SingleTag|https://nemzetidohanyboltkereso.hu/trafik/janossomorja-szabadsag-u-3
OP|0:06|06:00|SingleTag|https://nemzetidohanyboltkereso.hu/trafik/janossomorja-szabadsag-u-3
CL|0:18|18:00|SingleTag|https://nemzetidohanyboltkereso.hu/trafik/janossomorja-szabadsag-u-3
OP|0:06|06:00|SingleTag|https://nemzetidohanyboltkereso.hu/trafik/janossomorja-szabadsag-u-3
CL|0:18|18:00|SingleTag|https://nemzetidohanyboltkereso.hu/trafik/janossomorja-szabadsag-u-3
OP|0:06|06:00|SingleTag|https://nemzetidohanyboltkereso.hu/trafik/janossomorja-szabadsag-u-3
CL|0:18|18:00|SingleTag|https://nemzetidohanyboltkereso.hu/trafik/janossomorja-szabadsag-u-3
OP|0:06|06:00|SingleTag|https://nemzetidohanyboltkereso.hu/trafik/janossomorja-szabadsag-u-3
CL|0:18|18:00|SingleTag|https://nemzetidohanyboltkereso.hu/trafik/janossomorja-szabadsag-u-3
CL|0:00|00:00|SingleTag|https://nemzetidohanyboltkereso.hu/trafik/kalocsa-buzapiac-ter-3
CL|0:00|00:00|SingleTag|https://nemzetidohanyboltkereso.hu/trafik/kazincbarcika-attila-u-10-b
CL|0:00|00:00|SingleTag|https://nemzetidohanyboltkereso.hu/trafik/kazincbarcika-attila-u-10-b
CL|0:00|00:00|SingleTag|https://nemzetidohanyboltkereso.hu/trafik/kazincbarcika-attila-u-10-b
CL|0:00|00:00|SingleTag|https://nemzetidohanyboltkereso.hu/trafik/kazincbarcika-attila-u-10-b
CL|0:00|00:00|SingleTag|https://nemzetidohanyboltkereso.hu/trafik/kazincbarcika-attila-u-10-b
CL|0:00|00:00|SingleTag|https://nemzetidohanyboltkereso.hu/trafik/kazincbarcika-attila-u-10-b
CL|0:00|00:00|SingleTag|https://nemzetidohanyboltkereso.hu/trafik/kazincbarcika-attila-u-10-b
CL|4:00|23:59|OverflowHour|https://nemzetidohanyboltkereso.hu/trafik/keszthely-kossuth-lajos-u-82
CL|4:00|23:59|OverflowHour|https://nemzetidohanyboltkereso.hu/trafik/keszthely-kossuth-lajos-u-82
CL|24:00|23:59|OverflowHour|https://nemzetidohanyboltkereso.hu/trafik/keszthely-vasar-ter-1
CL|24:00|23:59|OverflowHour|https://nemzetidohanyboltkereso.hu/trafik/kiskoros-petofi-sandor-utca-40
CL|24:00|23:59|OverflowHour|https://nemzetidohanyboltkereso.hu/trafik/kiskoros-petofi-sandor-utca-40
CL|24:00|23:59|OverflowHour|https://nemzetidohanyboltkereso.hu/trafik/kiskunfelegyhaza-dr-hollo-lajos-utca-5
CL|0:00|00:00|SingleTag|https://nemzetidohanyboltkereso.hu/trafik/kistelek-petofi-utca-6
CL|0:00|00:00|SingleTag|https://nemzetidohanyboltkereso.hu/trafik/kistelek-petofi-utca-6
CL|24:00|23:59|OverflowHour|https://nemzetidohanyboltkereso.hu/trafik/kisujszallas-nagy-imre-utca-7
CL|24:00|23:59|OverflowHour|https://nemzetidohanyboltkereso.hu/trafik/kisujszallas-nagy-imre-utca-7
CL|24:00|23:59|OverflowHour|https://nemzetidohanyboltkereso.hu/trafik/kisujszallas-nagy-imre-utca-7
CL|24:00|23:59|OverflowHour|https://nemzetidohanyboltkereso.hu/trafik/kormend-rakoczi-112
CL|24:00|23:59|OverflowHour|https://nemzetidohanyboltkereso.hu/trafik/kormend-rakoczi-112
CL|24:00|23:59|OverflowHour|https://nemzetidohanyboltkereso.hu/trafik/kormend-rakoczi-112
CL|24:00|23:59|OverflowHour|https://nemzetidohanyboltkereso.hu/trafik/kormend-rakoczi-112
CL|24:00|23:59|OverflowHour|https://nemzetidohanyboltkereso.hu/trafik/kormend-rakoczi-112
CL|24:00|23:59|OverflowHour|https://nemzetidohanyboltkereso.hu/trafik/kormend-rakoczi-112
CL|24:00|23:59|OverflowHour|https://nemzetidohanyboltkereso.hu/trafik/kormend-rakoczi-112
OP|0:07|07:00|SingleTag|https://nemzetidohanyboltkereso.hu/trafik/kunhegyes-kossuth-lajos-ut-18
CL|0:19|19:00|SingleTag|https://nemzetidohanyboltkereso.hu/trafik/kunhegyes-kossuth-lajos-ut-18
OP|0:07|07:00|SingleTag|https://nemzetidohanyboltkereso.hu/trafik/kunhegyes-kossuth-lajos-ut-18
CL|0:19|19:00|SingleTag|https://nemzetidohanyboltkereso.hu/trafik/kunhegyes-kossuth-lajos-ut-18
OP|0:07|07:00|SingleTag|https://nemzetidohanyboltkereso.hu/trafik/kunhegyes-kossuth-lajos-ut-18
CL|0:19|19:00|SingleTag|https://nemzetidohanyboltkereso.hu/trafik/kunhegyes-kossuth-lajos-ut-18
OP|0:07|07:00|SingleTag|https://nemzetidohanyboltkereso.hu/trafik/kunhegyes-kossuth-lajos-ut-18
CL|0:19|19:00|SingleTag|https://nemzetidohanyboltkereso.hu/trafik/kunhegyes-kossuth-lajos-ut-18
OP|0:07|07:00|SingleTag|https://nemzetidohanyboltkereso.hu/trafik/kunhegyes-kossuth-lajos-ut-18
CL|0:19|19:00|SingleTag|https://nemzetidohanyboltkereso.hu/trafik/kunhegyes-kossuth-lajos-ut-18
OP|0:07|07:00|SingleTag|https://nemzetidohanyboltkereso.hu/trafik/kunhegyes-kossuth-lajos-ut-18
CL|0:19|19:00|SingleTag|https://nemzetidohanyboltkereso.hu/trafik/kunhegyes-kossuth-lajos-ut-18
OP|0:07|07:00|SingleTag|https://nemzetidohanyboltkereso.hu/trafik/kunhegyes-kossuth-lajos-ut-18
CL|0:19|19:00|SingleTag|https://nemzetidohanyboltkereso.hu/trafik/kunhegyes-kossuth-lajos-ut-18
CL|24:04|23:59|OverflowHour|https://nemzetidohanyboltkereso.hu/trafik/lenti-tancsics-mihaly-utca-5
CL|0:00|00:00|SingleTag|https://nemzetidohanyboltkereso.hu/trafik/mateszalka-zoldfa-u-2-4
CL|0:00|00:00|SingleTag|https://nemzetidohanyboltkereso.hu/trafik/mateszalka-zoldfa-u-2-4
CL|24:00|23:59|OverflowHour|https://nemzetidohanyboltkereso.hu/trafik/mezobereny-kodaly-zoltan-utca-23-a
CL|24:00|23:59|OverflowHour|https://nemzetidohanyboltkereso.hu/trafik/mezobereny-kodaly-zoltan-utca-23-a
CL|24:00|23:59|OverflowHour|https://nemzetidohanyboltkereso.hu/trafik/mezobereny-kodaly-zoltan-utca-23-a
CL|24:00|23:59|OverflowHour|https://nemzetidohanyboltkereso.hu/trafik/mezobereny-kodaly-zoltan-utca-23-a
CL|24:00|23:59|OverflowHour|https://nemzetidohanyboltkereso.hu/trafik/mezobereny-kodaly-zoltan-utca-23-a
CL|24:00|23:59|OverflowHour|https://nemzetidohanyboltkereso.hu/trafik/mezobereny-kodaly-zoltan-utca-23-a
CL|24:00|23:59|OverflowHour|https://nemzetidohanyboltkereso.hu/trafik/mezobereny-kodaly-zoltan-utca-23-a
OP|0:06|06:00|SingleTag|https://nemzetidohanyboltkereso.hu/trafik/mezotarkany-kossuth-ut-69
CL|0:18|18:00|SingleTag|https://nemzetidohanyboltkereso.hu/trafik/mezotarkany-kossuth-ut-69
OP|0:06|06:00|SingleTag|https://nemzetidohanyboltkereso.hu/trafik/mezotarkany-kossuth-ut-69
CL|0:18|18:00|SingleTag|https://nemzetidohanyboltkereso.hu/trafik/mezotarkany-kossuth-ut-69
OP|0:06|06:00|SingleTag|https://nemzetidohanyboltkereso.hu/trafik/mezotarkany-kossuth-ut-69
CL|0:18|18:00|SingleTag|https://nemzetidohanyboltkereso.hu/trafik/mezotarkany-kossuth-ut-69
OP|0:06|06:00|SingleTag|https://nemzetidohanyboltkereso.hu/trafik/mezotarkany-kossuth-ut-69
CL|0:18|18:00|SingleTag|https://nemzetidohanyboltkereso.hu/trafik/mezotarkany-kossuth-ut-69
OP|0:06|06:00|SingleTag|https://nemzetidohanyboltkereso.hu/trafik/mezotarkany-kossuth-ut-69
CL|0:18|18:00|SingleTag|https://nemzetidohanyboltkereso.hu/trafik/mezotarkany-kossuth-ut-69
OP|0:06|06:00|SingleTag|https://nemzetidohanyboltkereso.hu/trafik/mezotarkany-kossuth-ut-69
CL|0:12|12:00|SingleTag|https://nemzetidohanyboltkereso.hu/trafik/mezotarkany-kossuth-ut-69
OP|0:07|07:00|SingleTag|https://nemzetidohanyboltkereso.hu/trafik/mezotarkany-kossuth-ut-69
CL|0:11|11:00|SingleTag|https://nemzetidohanyboltkereso.hu/trafik/mezotarkany-kossuth-ut-69
CL|0:00|00:00|SingleTag|https://nemzetidohanyboltkereso.hu/trafik/mohacs-szentharomsag-u-15
CL|0:00|00:00|SingleTag|https://nemzetidohanyboltkereso.hu/trafik/mohacs-szentharomsag-u-15
CL|24:00|23:59|OverflowHour|https://nemzetidohanyboltkereso.hu/trafik/monor-avar-utca-31
CL|24:00|23:59|OverflowHour|https://nemzetidohanyboltkereso.hu/trafik/monor-avar-utca-31
CL|24:05|23:59|OverflowHour|https://nemzetidohanyboltkereso.hu/trafik/nagykanizsa-boszorkany-u-2
CL|24:00|23:59|OverflowHour|https://nemzetidohanyboltkereso.hu/trafik/nagykata-szabadsag-ter-12
CL|24:00|23:59|OverflowHour|https://nemzetidohanyboltkereso.hu/trafik/nagykata-szabadsag-ter-12
CL|24:00|23:59|OverflowHour|https://nemzetidohanyboltkereso.hu/trafik/nagykata-szabadsag-ter-12
CL|24:00|23:59|OverflowHour|https://nemzetidohanyboltkereso.hu/trafik/nagykata-szabadsag-ter-12
CL|24:00|23:59|OverflowHour|https://nemzetidohanyboltkereso.hu/trafik/nagykata-szabadsag-ter-12
CL|24:00|23:59|OverflowHour|https://nemzetidohanyboltkereso.hu/trafik/nagykata-szabadsag-ter-12
CL|24:00|23:59|OverflowHour|https://nemzetidohanyboltkereso.hu/trafik/nagykata-szabadsag-ter-12
CL|24:00|23:59|OverflowHour|https://nemzetidohanyboltkereso.hu/trafik/nagylengyel-arany-janos-utca-65
CL|24.00|23:59|OverflowHour|https://nemzetidohanyboltkereso.hu/trafik/nagyoroszi-felszabadulas-ut-5-2
CL|24.00|23:59|OverflowHour|https://nemzetidohanyboltkereso.hu/trafik/nagyoroszi-felszabadulas-ut-5-2
CL|24:03|23:59|OverflowHour|https://nemzetidohanyboltkereso.hu/trafik/nyiregyhaza-pitypang-utca-50
CL|24:00|23:59|OverflowHour|https://nemzetidohanyboltkereso.hu/trafik/oroszlany-rakoczi-ferenc-ut-47-a
CL|24:00|23:59|OverflowHour|https://nemzetidohanyboltkereso.hu/trafik/oroszlany-rakoczi-ferenc-ut-47-a
CL|24:00|23:59|OverflowHour|https://nemzetidohanyboltkereso.hu/trafik/oroszlany-rakoczi-ferenc-ut-47-a
CL|24:00|23:59|OverflowHour|https://nemzetidohanyboltkereso.hu/trafik/oroszlany-rakoczi-ferenc-ut-47-a
CL|24:00|23:59|OverflowHour|https://nemzetidohanyboltkereso.hu/trafik/oroszlany-rakoczi-ferenc-ut-47-a
CL|24:00|23:59|OverflowHour|https://nemzetidohanyboltkereso.hu/trafik/oroszlany-rakoczi-ferenc-ut-47-a
CL|24:00|23:59|OverflowHour|https://nemzetidohanyboltkereso.hu/trafik/oroszlany-rakoczi-ferenc-ut-47-a
CL|3:00|23:59|OverflowHour|https://nemzetidohanyboltkereso.hu/trafik/oroszlany-rakoczi-ferenc-utca-92
CL|24:00|23:59|OverflowHour|https://nemzetidohanyboltkereso.hu/trafik/paks-baratsag-u-3
CL|24:00|23:59|OverflowHour|https://nemzetidohanyboltkereso.hu/trafik/paks-baratsag-u-3
CL|24:00|23:59|OverflowHour|https://nemzetidohanyboltkereso.hu/trafik/paks-epitok-utja-3
CL|24:00|23:59|OverflowHour|https://nemzetidohanyboltkereso.hu/trafik/paszto-fo-145
CL|24:00|23:59|OverflowHour|https://nemzetidohanyboltkereso.hu/trafik/paszto-fo-145
CL|24:00|23:59|OverflowHour|https://nemzetidohanyboltkereso.hu/trafik/paszto-fo-145
CL|24:00|23:59|OverflowHour|https://nemzetidohanyboltkereso.hu/trafik/paszto-fo-145
CL|24:00|23:59|OverflowHour|https://nemzetidohanyboltkereso.hu/trafik/paszto-fo-145
CL|24:00|23:59|OverflowHour|https://nemzetidohanyboltkereso.hu/trafik/paszto-fo-145
CL|24:00|23:59|OverflowHour|https://nemzetidohanyboltkereso.hu/trafik/paszto-fo-145
CL|7:00|23:59|OverflowHour|https://nemzetidohanyboltkereso.hu/trafik/patroha-kossuth-18
CL|24:00|23:59|OverflowHour|https://nemzetidohanyboltkereso.hu/trafik/perbal-fo-ut-29
CL|24:00|23:59|OverflowHour|https://nemzetidohanyboltkereso.hu/trafik/perbal-fo-ut-29
CL|24:00|23:59|OverflowHour|https://nemzetidohanyboltkereso.hu/trafik/perbal-fo-ut-29
CL|24:00|23:59|OverflowHour|https://nemzetidohanyboltkereso.hu/trafik/perbal-fo-ut-29
CL|24:00|23:59|OverflowHour|https://nemzetidohanyboltkereso.hu/trafik/perbal-fo-ut-29
CL|24:00|23:59|OverflowHour|https://nemzetidohanyboltkereso.hu/trafik/perbal-fo-ut-29
CL|24:00|23:59|OverflowHour|https://nemzetidohanyboltkereso.hu/trafik/perbal-fo-ut-29
CL|0:00|00:00|SingleTag|https://nemzetidohanyboltkereso.hu/trafik/pilisvorosvar-fo-ut-27-a
CL|0:00|00:00|SingleTag|https://nemzetidohanyboltkereso.hu/trafik/pilisvorosvar-fo-ut-27-a
OP|0:05|05:00|SingleTag|https://nemzetidohanyboltkereso.hu/trafik/puspokladany-vasut-ut-2-2
CL|0:21|21:00|SingleTag|https://nemzetidohanyboltkereso.hu/trafik/puspokladany-vasut-ut-2-2
OP|0:05|05:00|SingleTag|https://nemzetidohanyboltkereso.hu/trafik/puspokladany-vasut-ut-2-2
CL|0:21|21:00|SingleTag|https://nemzetidohanyboltkereso.hu/trafik/puspokladany-vasut-ut-2-2
OP|0:05|05:00|SingleTag|https://nemzetidohanyboltkereso.hu/trafik/puspokladany-vasut-ut-2-2
CL|0:21|21:00|SingleTag|https://nemzetidohanyboltkereso.hu/trafik/puspokladany-vasut-ut-2-2
OP|0:05|05:00|SingleTag|https://nemzetidohanyboltkereso.hu/trafik/puspokladany-vasut-ut-2-2
CL|0:21|21:00|SingleTag|https://nemzetidohanyboltkereso.hu/trafik/puspokladany-vasut-ut-2-2
OP|0:05|05:00|SingleTag|https://nemzetidohanyboltkereso.hu/trafik/puspokladany-vasut-ut-2-2
CL|0:21|21:00|SingleTag|https://nemzetidohanyboltkereso.hu/trafik/puspokladany-vasut-ut-2-2
OP|0:05|05:00|SingleTag|https://nemzetidohanyboltkereso.hu/trafik/puspokladany-vasut-ut-2-2
CL|0:21|21:00|SingleTag|https://nemzetidohanyboltkereso.hu/trafik/puspokladany-vasut-ut-2-2
OP|0:05|05:00|SingleTag|https://nemzetidohanyboltkereso.hu/trafik/puspokladany-vasut-ut-2-2
CL|0:21|21:00|SingleTag|https://nemzetidohanyboltkereso.hu/trafik/puspokladany-vasut-ut-2-2
CL|24:00|23:59|OverflowHour|https://nemzetidohanyboltkereso.hu/trafik/redics-lenti-ut-5-a
CL|24:00|23:59|OverflowHour|https://nemzetidohanyboltkereso.hu/trafik/redics-lenti-ut-5-a
CL|24:00|23:59|OverflowHour|https://nemzetidohanyboltkereso.hu/trafik/redics-lenti-ut-5-a
CL|24:00|23:59|OverflowHour|https://nemzetidohanyboltkereso.hu/trafik/redics-lenti-ut-5-a
CL|24:00|23:59|OverflowHour|https://nemzetidohanyboltkereso.hu/trafik/redics-lenti-ut-5-a
CL|24:00|23:59|OverflowHour|https://nemzetidohanyboltkereso.hu/trafik/redics-lenti-ut-5-a
CL|24:00|23:59|OverflowHour|https://nemzetidohanyboltkereso.hu/trafik/redics-lenti-ut-5-a
CL|24.00|23:59|OverflowHour|https://nemzetidohanyboltkereso.hu/trafik/soltvadkert-dr-gratzer-istvan-u-3
CL|24:00|23:59|OverflowHour|https://nemzetidohanyboltkereso.hu/trafik/szajol-szechenyi-ut35convoy-city-parkoloja-4-es-fout
CL|24:00|23:59|OverflowHour|https://nemzetidohanyboltkereso.hu/trafik/szajol-szechenyi-ut35convoy-city-parkoloja-4-es-fout
CL|24:00|23:59|OverflowHour|https://nemzetidohanyboltkereso.hu/trafik/szajol-szechenyi-ut35convoy-city-parkoloja-4-es-fout
CL|24:00|23:59|OverflowHour|https://nemzetidohanyboltkereso.hu/trafik/szajol-szechenyi-ut35convoy-city-parkoloja-4-es-fout
CL|24:00|23:59|OverflowHour|https://nemzetidohanyboltkereso.hu/trafik/szajol-szechenyi-ut35convoy-city-parkoloja-4-es-fout
CL|24:00|23:59|OverflowHour|https://nemzetidohanyboltkereso.hu/trafik/szajol-szechenyi-ut35convoy-city-parkoloja-4-es-fout
CL|24:00|23:59|OverflowHour|https://nemzetidohanyboltkereso.hu/trafik/szajol-szechenyi-ut35convoy-city-parkoloja-4-es-fout
CL|24:06|23:59|OverflowHour|https://nemzetidohanyboltkereso.hu/trafik/szarvas-vasut-utca-54
CL|0:00|00:00|SingleTag|https://nemzetidohanyboltkereso.hu/trafik/szeged-budapesti-krt-1
CL|0:00|00:00|SingleTag|https://nemzetidohanyboltkereso.hu/trafik/szeged-budapesti-krt-1
CL|0.00|00:00|SingleTag|https://nemzetidohanyboltkereso.hu/trafik/szeged-budapesti-krt-1
CL|0:00|00:00|SingleTag|https://nemzetidohanyboltkereso.hu/trafik/szeged-budapesti-krt-1
CL|0.00|00:00|SingleTag|https://nemzetidohanyboltkereso.hu/trafik/szeged-budapesti-krt-1
CL|0.00|00:00|SingleTag|https://nemzetidohanyboltkereso.hu/trafik/szeged-budapesti-krt-1
CL|0:00|00:00|SingleTag|https://nemzetidohanyboltkereso.hu/trafik/szeged-budapesti-krt-1
CL|24:00|23:59|OverflowHour|https://nemzetidohanyboltkereso.hu/trafik/szekesfehervar-aszalvolgyi-ut-1
CL|24:00|23:59|OverflowHour|https://nemzetidohanyboltkereso.hu/trafik/szekesfehervar-aszalvolgyi-ut-1
CL|24:00|23:59|OverflowHour|https://nemzetidohanyboltkereso.hu/trafik/szekesfehervar-aszalvolgyi-ut-1
CL|24:00|23:59|OverflowHour|https://nemzetidohanyboltkereso.hu/trafik/szekesfehervar-aszalvolgyi-ut-1
CL|24:00|23:59|OverflowHour|https://nemzetidohanyboltkereso.hu/trafik/szekesfehervar-aszalvolgyi-ut-1
CL|24:00|23:59|OverflowHour|https://nemzetidohanyboltkereso.hu/trafik/szekesfehervar-aszalvolgyi-ut-1
CL|24:00|23:59|OverflowHour|https://nemzetidohanyboltkereso.hu/trafik/szekesfehervar-aszalvolgyi-ut-1
CL|24:00|23:59|OverflowHour|https://nemzetidohanyboltkereso.hu/trafik/szekszard-beri-balogh-adam-utca-50
CL|24:00|23:59|OverflowHour|https://nemzetidohanyboltkereso.hu/trafik/szekszard-beri-balogh-adam-utca-50
CL|24:00|23:59|OverflowHour|https://nemzetidohanyboltkereso.hu/trafik/szekszard-beri-balogh-adam-utca-50
CL|24:00|23:59|OverflowHour|https://nemzetidohanyboltkereso.hu/trafik/szekszard-beri-balogh-adam-utca-50
CL|24:00|23:59|OverflowHour|https://nemzetidohanyboltkereso.hu/trafik/szekszard-beri-balogh-adam-utca-50
CL|24:00|23:59|OverflowHour|https://nemzetidohanyboltkereso.hu/trafik/szekszard-beri-balogh-adam-utca-50
CL|24:00|23:59|OverflowHour|https://nemzetidohanyboltkereso.hu/trafik/szekszard-beri-balogh-adam-utca-50
CL|24:00|23:59|OverflowHour|https://nemzetidohanyboltkereso.hu/trafik/szendro-rakoczi-ut-41
CL|24:00|23:59|OverflowHour|https://nemzetidohanyboltkereso.hu/trafik/szendro-rakoczi-ut-41
CL|24:02|23:59|OverflowHour|https://nemzetidohanyboltkereso.hu/trafik/szigetcsep-fo-utca-fo-ter-3
CL|24:00|23:59|OverflowHour|https://nemzetidohanyboltkereso.hu/trafik/szigethalom-mu-ut-152
CL|24:00|23:59|OverflowHour|https://nemzetidohanyboltkereso.hu/trafik/szigethalom-mu-ut-152
CL|24:00|23:59|OverflowHour|https://nemzetidohanyboltkereso.hu/trafik/szigethalom-mu-ut-152
CL|24:00|23:59|OverflowHour|https://nemzetidohanyboltkereso.hu/trafik/szigethalom-mu-ut-152
CL|24:00|23:59|OverflowHour|https://nemzetidohanyboltkereso.hu/trafik/szigethalom-mu-ut-152
CL|24:00|23:59|OverflowHour|https://nemzetidohanyboltkereso.hu/trafik/szigethalom-mu-ut-152
CL|24:00|23:59|OverflowHour|https://nemzetidohanyboltkereso.hu/trafik/szigethalom-mu-ut-152
CL|24:00|23:59|OverflowHour|https://nemzetidohanyboltkereso.hu/trafik/szigetszentmiklos-szent-miklos-utja-7c
CL|24:00|23:59|OverflowHour|https://nemzetidohanyboltkereso.hu/trafik/szigetszentmiklos-szent-miklos-utja-7c
CL|24:00|23:59|OverflowHour|https://nemzetidohanyboltkereso.hu/trafik/szigetszentmiklos-gyari-u-12-a-b
CL|24:00|23:59|OverflowHour|https://nemzetidohanyboltkereso.hu/trafik/szigetszentmiklos-gyari-u-12-a-b
CL|24:00|23:59|OverflowHour|https://nemzetidohanyboltkereso.hu/trafik/szigetszentmiklos-gyari-u-12-a-b
CL|24:00|23:59|OverflowHour|https://nemzetidohanyboltkereso.hu/trafik/szigetszentmiklos-gyari-u-12-a-b
CL|24:00|23:59|OverflowHour|https://nemzetidohanyboltkereso.hu/trafik/szigetszentmiklos-gyari-u-12-a-b
CL|24:00|23:59|OverflowHour|https://nemzetidohanyboltkereso.hu/trafik/szigetszentmiklos-gyari-u-12-a-b
CL|24:00|23:59|OverflowHour|https://nemzetidohanyboltkereso.hu/trafik/szigetszentmiklos-gyari-u-12-a-b
CL| 19|19:00|SingleTag|https://nemzetidohanyboltkereso.hu/trafik/szolnok-jaszkurt-utca-1
CL| 19|19:00|SingleTag|https://nemzetidohanyboltkereso.hu/trafik/szolnok-jaszkurt-utca-1
CL|19|19:00|SingleTag|https://nemzetidohanyboltkereso.hu/trafik/szolnok-jaszkurt-utca-1
OP|8 |08:00|SingleTag|https://nemzetidohanyboltkereso.hu/trafik/szolnok-jaszkurt-utca-1
CL| 18|18:00|SingleTag|https://nemzetidohanyboltkereso.hu/trafik/szolnok-jaszkurt-utca-1
CL|24:00|23:59|OverflowHour|https://nemzetidohanyboltkereso.hu/trafik/szombathely-arad-2
CL|24:00|23:59|OverflowHour|https://nemzetidohanyboltkereso.hu/trafik/szombathely-arad-2
CL|24:00|23:59|OverflowHour|https://nemzetidohanyboltkereso.hu/trafik/szombathely-arad-2
CL|24:00|23:59|OverflowHour|https://nemzetidohanyboltkereso.hu/trafik/szombathely-arad-2
CL|24:00|23:59|OverflowHour|https://nemzetidohanyboltkereso.hu/trafik/szombathely-arad-2
CL|24:00|23:59|OverflowHour|https://nemzetidohanyboltkereso.hu/trafik/szombathely-arad-2
CL|24:00|23:59|OverflowHour|https://nemzetidohanyboltkereso.hu/trafik/szombathely-arad-2
CL|24:00|23:59|OverflowHour|https://nemzetidohanyboltkereso.hu/trafik/szombathely-dolgozok-3785-83
CL|24:00|23:59|OverflowHour|https://nemzetidohanyboltkereso.hu/trafik/szombathely-dolgozok-3785-83
CL|24:00|23:59|OverflowHour|https://nemzetidohanyboltkereso.hu/trafik/szombathely-dolgozok-3785-83
CL|24:00|23:59|OverflowHour|https://nemzetidohanyboltkereso.hu/trafik/szombathely-dolgozok-3785-83
CL|24:00|23:59|OverflowHour|https://nemzetidohanyboltkereso.hu/trafik/szombathely-dolgozok-3785-83
CL|24:00|23:59|OverflowHour|https://nemzetidohanyboltkereso.hu/trafik/szombathely-dolgozok-3785-83
CL|24:00|23:59|OverflowHour|https://nemzetidohanyboltkereso.hu/trafik/szombathely-dolgozok-3785-83
CL|24:00|23:59|OverflowHour|https://nemzetidohanyboltkereso.hu/trafik/szombathely-koszegi-1663-3
CL|24:00|23:59|OverflowHour|https://nemzetidohanyboltkereso.hu/trafik/szombathely-koszegi-1663-3
CL|24:00|23:59|OverflowHour|https://nemzetidohanyboltkereso.hu/trafik/szombathely-koszegi-1663-3
CL|24:00|23:59|OverflowHour|https://nemzetidohanyboltkereso.hu/trafik/szombathely-koszegi-1663-3
CL|24:00|23:59|OverflowHour|https://nemzetidohanyboltkereso.hu/trafik/szombathely-koszegi-1663-3
CL|24:00|23:59|OverflowHour|https://nemzetidohanyboltkereso.hu/trafik/szombathely-koszegi-1663-3
CL|24:00|23:59|OverflowHour|https://nemzetidohanyboltkereso.hu/trafik/szombathely-koszegi-1663-3
CL|24:00|23:59|OverflowHour|https://nemzetidohanyboltkereso.hu/trafik/tatabanya-ifjumunkas-ut-11378-2
CL|24:00|23:59|OverflowHour|https://nemzetidohanyboltkereso.hu/trafik/tatabanya-ifjumunkas-ut-11378-2
CL|24:00|23:59|OverflowHour|https://nemzetidohanyboltkereso.hu/trafik/tatabanya-ifjumunkas-ut-11378-2
CL|24:00|23:59|OverflowHour|https://nemzetidohanyboltkereso.hu/trafik/tatabanya-ifjumunkas-ut-11378-2
CL|24:00|23:59|OverflowHour|https://nemzetidohanyboltkereso.hu/trafik/tatabanya-ifjumunkas-ut-11378-2
CL|24:00|23:59|OverflowHour|https://nemzetidohanyboltkereso.hu/trafik/tatabanya-ifjumunkas-ut-11378-2
CL|24:00|23:59|OverflowHour|https://nemzetidohanyboltkereso.hu/trafik/tatabanya-ifjumunkas-ut-11378-2
CL|0:00|00:00|SingleTag|https://nemzetidohanyboltkereso.hu/trafik/tok-kutvolgy-ter-26
CL|0:00|00:00|SingleTag|https://nemzetidohanyboltkereso.hu/trafik/tok-kutvolgy-ter-26
CL|0:00|00:00|SingleTag|https://nemzetidohanyboltkereso.hu/trafik/tok-kutvolgy-ter-26
CL|0:00|00:00|SingleTag|https://nemzetidohanyboltkereso.hu/trafik/tok-kutvolgy-ter-26
CL|0:00|00:00|SingleTag|https://nemzetidohanyboltkereso.hu/trafik/tok-kutvolgy-ter-26
CL|0:00|00:00|SingleTag|https://nemzetidohanyboltkereso.hu/trafik/tok-kutvolgy-ter-26
CL|0:00|00:00|SingleTag|https://nemzetidohanyboltkereso.hu/trafik/tok-kutvolgy-ter-26
CL|0:00|00:00|SingleTag|https://nemzetidohanyboltkereso.hu/trafik/torokszentmiklos-tancsics-mihaly-utca-2-a
CL|0:00|00:00|SingleTag|https://nemzetidohanyboltkereso.hu/trafik/torokszentmiklos-tancsics-mihaly-utca-2-a
CL|24:00|23:59|OverflowHour|https://nemzetidohanyboltkereso.hu/trafik/udvar-fo-u-1
CL|24:00|23:59|OverflowHour|https://nemzetidohanyboltkereso.hu/trafik/udvar-fo-u-1
CL|24:00|23:59|OverflowHour|https://nemzetidohanyboltkereso.hu/trafik/udvar-fo-u-1
CL|24:00|23:59|OverflowHour|https://nemzetidohanyboltkereso.hu/trafik/udvar-fo-u-1
CL|24:00|23:59|OverflowHour|https://nemzetidohanyboltkereso.hu/trafik/udvar-fo-u-1
CL|24:00|23:59|OverflowHour|https://nemzetidohanyboltkereso.hu/trafik/udvar-fo-u-1
CL|24:00|23:59|OverflowHour|https://nemzetidohanyboltkereso.hu/trafik/udvar-fo-u-1
CL|0:00|00:00|SingleTag|https://nemzetidohanyboltkereso.hu/trafik/ullo-baross-gabor-utca-1-b
CL|0:00|00:00|SingleTag|https://nemzetidohanyboltkereso.hu/trafik/ullo-baross-gabor-utca-1-b
CL|24:00|23:59|OverflowHour|https://nemzetidohanyboltkereso.hu/trafik/vac-dr-csanyi-laszlo-krt-52
CL|24:00|23:59|OverflowHour|https://nemzetidohanyboltkereso.hu/trafik/vac-dr-csanyi-laszlo-krt-52
CL|24:00|23:59|OverflowHour|https://nemzetidohanyboltkereso.hu/trafik/vac-dr-csanyi-laszlo-krt-52
CL|24:00|23:59|OverflowHour|https://nemzetidohanyboltkereso.hu/trafik/vac-dr-csanyi-laszlo-krt-52
CL|24:00|23:59|OverflowHour|https://nemzetidohanyboltkereso.hu/trafik/vac-dr-csanyi-laszlo-krt-52
CL|24:00|23:59|OverflowHour|https://nemzetidohanyboltkereso.hu/trafik/vac-dr-csanyi-laszlo-krt-52
CL|24:00|23:59|OverflowHour|https://nemzetidohanyboltkereso.hu/trafik/vac-dr-csanyi-laszlo-krt-52
CL|24:00|23:59|OverflowHour|https://nemzetidohanyboltkereso.hu/trafik/vac-galcsek-u-3
CL|24:00|23:59|OverflowHour|https://nemzetidohanyboltkereso.hu/trafik/vac-galcsek-u-3
CL|24:00|23:59|OverflowHour|https://nemzetidohanyboltkereso.hu/trafik/vac-rakoczi-ut-20
CL|24:00|23:59|OverflowHour|https://nemzetidohanyboltkereso.hu/trafik/vac-rakoczi-ut-20
CL|24:00|23:59|OverflowHour|https://nemzetidohanyboltkereso.hu/trafik/vac-szechenyi-utca-40
CL|24:00|23:59|OverflowHour|https://nemzetidohanyboltkereso.hu/trafik/vac-szechenyi-utca-40
CL|0:00|00:00|SingleTag|https://nemzetidohanyboltkereso.hu/trafik/vasarosnameny-gulacsi-ut-1
CL|0:00|00:00|SingleTag|https://nemzetidohanyboltkereso.hu/trafik/vasarosnameny-gulacsi-ut-1
CL|24:00|23:59|OverflowHour|https://nemzetidohanyboltkereso.hu/trafik/veresegyhaz-fo-ut-70
CL|24:00|23:59|OverflowHour|https://nemzetidohanyboltkereso.hu/trafik/veresegyhaz-fo-ut-70
CL|24:00|23:59|OverflowHour|https://nemzetidohanyboltkereso.hu/trafik/veroce-arpad-ut-1
CL|24:00|23:59|OverflowHour|https://nemzetidohanyboltkereso.hu/trafik/veroce-arpad-ut-1
OP|07|07:00|SingleTag|https://nemzetidohanyboltkereso.hu/trafik/verteskethely-kossuth-lajos-ut-90
CL|18|18:00|SingleTag|https://nemzetidohanyboltkereso.hu/trafik/verteskethely-kossuth-lajos-ut-90
CL|24:00|23:59|OverflowHour|https://nemzetidohanyboltkereso.hu/trafik/veszprem-almadi-ut-7-1
CL|24:00|23:59|OverflowHour|https://nemzetidohanyboltkereso.hu/trafik/veszprem-almadi-ut-7-1
CL|24:00|23:59|OverflowHour|https://nemzetidohanyboltkereso.hu/trafik/veszprem-almadi-ut-7-1
CL|24:00|23:59|OverflowHour|https://nemzetidohanyboltkereso.hu/trafik/veszprem-almadi-ut-7-1
CL|24:00|23:59|OverflowHour|https://nemzetidohanyboltkereso.hu/trafik/veszprem-almadi-ut-7-1
CL|24:00|23:59|OverflowHour|https://nemzetidohanyboltkereso.hu/trafik/veszprem-almadi-ut-7-1
CL|24:00|23:59|OverflowHour|https://nemzetidohanyboltkereso.hu/trafik/veszprem-almadi-ut-7-1
CL|24:00|23:59|OverflowHour|https://nemzetidohanyboltkereso.hu/trafik/veszprem-budapest-u-6
CL|24:00|23:59|OverflowHour|https://nemzetidohanyboltkereso.hu/trafik/veszprem-budapest-u-6
CL|24:00|23:59|OverflowHour|https://nemzetidohanyboltkereso.hu/trafik/veszprem-budapest-u-6
CL|24:00|23:59|OverflowHour|https://nemzetidohanyboltkereso.hu/trafik/veszprem-budapest-u-6
CL|24:00|23:59|OverflowHour|https://nemzetidohanyboltkereso.hu/trafik/veszprem-budapest-u-6
CL|24:00|23:59|OverflowHour|https://nemzetidohanyboltkereso.hu/trafik/veszprem-budapest-u-6
CL|24:00|23:59|OverflowHour|https://nemzetidohanyboltkereso.hu/trafik/veszprem-budapest-u-6
CL|24:00|23:59|OverflowHour|https://nemzetidohanyboltkereso.hu/trafik/zsambek-akademia-utca-2
CL|24:00|23:59|OverflowHour|https://nemzetidohanyboltkereso.hu/trafik/zsambek-akademia-utca-2
